DTXSID,PREFERRED NAME,CASRN,INCHIKEY,IUPAC NAME,SMILES,INCHI STRING,MOLECULAR FORMULA,AVERAGE MASS,MONOISOTOPIC MASS,# of SOURCES,# OF PUBMED ARTICLES,PUBCHEM DATA SOURCES,CPDAT COUNT,QC Level,# ToxCast Active,% ToxCast Active,Total Assays
https://comptox.epa.gov/dashboard/chemical/details/DTXSID5021207,"1,2-Propylene oxide",75-56-9,GOOHAUXETOMSMM-UHFFFAOYSA-N,2-Methyloxirane,CC1CO1,"InChI=1/C3H6O/c1-3-2-4-3/h3H,2H2,1H3",C3H6O,58.08,58.041865,185,308,160,161,1, ,,
https://comptox.epa.gov/dashboard/chemical/details/DTXSID2020347,Coumaphos,56-72-4,BXNANOICGRISHX-UHFFFAOYSA-N,"O-(3-Chloro-4-methyl-2-oxo-2H-1-benzopyran-7-yl) O,O-diethyl phosphorothioate",CCOP(=S)(OCC)OC1=CC2=C(C=C1)C(C)=C(Cl)C(=O)O2,"InChI=1S/C14H16ClO5PS/c1-4-17-21(22,18-5-2)20-10-6-7-11-9(3)13(15)14(16)19-12(11)8-10/h6-8H,4-5H2,1-3H3",C14H16ClO5PS,362.76,362.014459,168,164,121,3,1,237/1179,20.0,1179
https://comptox.epa.gov/dashboard/chemical/details/DTXSID1020647,Furfural,98-01-1,HYBBIBNJHNGZAN-UHFFFAOYSA-N,Furan-2-carbaldehyde,O=CC1=CC=CO1,InChI=1S/C5H4O2/c6-4-5-2-1-3-7-5/h1-4H,C5H4O2,96.085,96.021129,206,1432,165,66,2,21/844,2.0,844
https://comptox.epa.gov/dashboard/chemical/details/DTXSID6052164,Zinc ammonium chloride (x:x:x),52628-25-8,,,,,,, ,34,,,2,1, ,,
https://comptox.epa.gov/dashboard/chemical/details/DTXSID4022284,2-Butanamine,13952-84-6,BHRZNVHARXXAHW-UHFFFAOYSA-N,Butan-2-amine,CCC(C)N,"InChI=1S/C4H11N/c1-3-4(2)5/h4H,3,5H2,1-2H3",C4H11N,73.139,73.089149,118,,155,2,1,7/400,2.0,400
https://comptox.epa.gov/dashboard/chemical/details/DTXSID101014310,Lead iodide (PbI2),10101-63-0,RQQRAHKHDFPBMC-UHFFFAOYSA-L,,[I-].[I-].[Pb++],InChI=1S/2HI.Pb/h2*1H;/q;;+2/p-2,I2Pb,461.0,461.785590,32,,19,1,2, ,,
https://comptox.epa.gov/dashboard/chemical/details/DTXSID8021274,Sodium dichromate,10588-01-9,KIEOKOFEPABQKJ-UHFFFAOYSA-N,Disodium mu-oxido(hexaoxido)dichromate(4-),[Na+].[Na+].[O-][Cr](=O)(=O)O[Cr]([O-])(=O)=O,InChI=1S/2Cr.2Na.7O/q;;2*+1;;;;;;2*-1,Cr2Na2O7,261.965,261.824953,83,94,40,179,1, ,,
https://comptox.epa.gov/dashboard/chemical/details/DTXSID5020102,Sodium arsenate,7631-89-2,,,,,,, ,43,245,,1,1, ,,
https://comptox.epa.gov/dashboard/chemical/details/DTXSID0051659,Phosphorus pentasulfide,1314-80-3,CYQAYERJWZKYML-UHFFFAOYSA-N,"1lambda~5~,3lambda~5~,5lambda~5~,7lambda~5~-Tricyclo[3.3.1.1~3,7~]tetraphosphathiane-1,3,5,7-tetrathione",S=P12SP3(=S)SP(=S)(S1)SP(=S)(S2)S3,"InChI=1S/P4S10/c5-1-9-2(6)12-3(7,10-1)14-4(8,11-1)13-2",P4S10,444.5,443.615760,57,,44,1,1, ,,
https://comptox.epa.gov/dashboard/chemical/details/DTXSID0020446,Diuron,330-54-1,XMTQQYYKAHVGBJ-UHFFFAOYSA-N,"N'-(3,4-Dichlorophenyl)-N,N-dimethylurea",CN(C)C(=O)NC1=CC(Cl)=C(Cl)C=C1,"InChI=1S/C9H10Cl2N2O/c1-13(2)9(14)12-6-3-4-7(10)8(11)5-6/h3-5H,1-2H3,(H,12,14)",C9H10Cl2N2O,233.09,232.017018,265,1257,165,52,2,119/1042,11.0,1042
https://comptox.epa.gov/dashboard/chemical/details/DTXSID4020375,DDT,50-29-3,YVGGHNCTFXOJCH-UHFFFAOYSA-N,"1,1'-(2,2,2-Trichloroethane-1,1-diyl)bis(4-chlorobenzene)",ClC1=CC=C(C=C1)C(C1=CC=C(Cl)C=C1)C(Cl)(Cl)Cl,"InChI=1S/C14H9Cl5/c15-11-5-1-9(2-6-11)13(14(17,18)19)10-3-7-12(16)8-4-10/h1-8,13H",C14H9Cl5,354.48,351.914689,242,8063,139,48,1,301/1030,29.0,1030
https://comptox.epa.gov/dashboard/chemical/details/DTXSID6022977,Ethylenediaminetetraacetic acid,60-00-4,KCXVZYZYPLLWCC-UHFFFAOYSA-N,"2,2',2'',2'''-(Ethane-1,2-diyldinitrilo)tetraacetic acid",OC(=O)CN(CCN(CC(O)=O)CC(O)=O)CC(O)=O,"InChI=1S/C10H16N2O8/c13-7(14)3-11(4-8(15)16)1-2-12(5-9(17)18)6-10(19)20/h1-6H2,(H,13,14)(H,15,16)(H,17,18)(H,19,20)",C10H16N2O8,292.244,292.090665,182,25251,257,492,1,12/238,5.0,238
https://comptox.epa.gov/dashboard/chemical/details/DTXSID50894158,Cobalt(II) bromide,7789-43-7,BZRRQSJJPUGBAA-UHFFFAOYSA-L,Cobalt(2+) dibromide,Br[Co]Br,InChI=1S/2BrH.Co/h2*1H;/q;;+2/p-2,Br2Co,218.741,216.769870,40,,37,,1, ,,
https://comptox.epa.gov/dashboard/chemical/details/DTXSID7025219,Sodium dodecylbenzenesulfonate,25155-30-0,,,"[Na+].CCCCCCCCCCCC*.[O-]S(=O)(=O)C1=CC=CC=C1 |c:18,20,t:16,lp:14:3,16:2,17:2,m:13:21.22.23|",,,, ,160,331,,981,1,294/997,29.0,997
https://comptox.epa.gov/dashboard/chemical/details/DTXSID8038770,Zinc acetate,557-34-6,DJWUNCQRNNEAKC-UHFFFAOYSA-L,Zinc diacetate,[Zn++].CC([O-])=O.CC([O-])=O,"InChI=1S/2C2H4O2.Zn/c2*1-2(3)4;/h2*1H3,(H,3,4);/q;;+2/p-2",C4H6O4Zn,183.47,181.955751,104,210,75,8,2,11/403,3.0,403
https://comptox.epa.gov/dashboard/chemical/details/DTXSID6063199,"2,4,5-T Triethanolamine salt",3813-14-7,VTZDSNBPOOWJST-UHFFFAOYSA-N,"(2,4,5-Trichlorophenoxy)acetic acid--2,2',2''-nitrilotri(ethan-1-ol) (1/1)",OCC[NH+](CCO)CCO.[O-]C(=O)COC1=C(Cl)C=C(Cl)C(Cl)=C1,"InChI=1S/C8H5Cl3O3.C6H15NO3/c9-4-1-6(11)7(2-5(4)10)14-3-8(12)13;8-4-1-7(2-5-9)3-6-10/h1-2H,3H2,(H,12,13);8-10H,1-6H2",C14H20Cl3NO6,404.67,403.035620,21,,17,,1, ,,
https://comptox.epa.gov/dashboard/chemical/details/DTXSID5020029,Acrylonitrile,107-13-1,NLHHRLWOUZZQLW-UHFFFAOYSA-N,Prop-2-enenitrile,C=CC#N,"InChI=1S/C3H3N/c1-2-3-4/h2H,1H2",C3H3N,53.064,53.026549,238,1092,168,215,1,10/439,2.0,439
https://comptox.epa.gov/dashboard/chemical/details/DTXSID3020415,"1,2-Dibromoethane",106-93-4,PAAZPARNPHGIKF-UHFFFAOYSA-N,"1,2-Dibromoethane",BrCCBr,InChI=1S/C2H4Br2/c3-1-2-4/h1-2H2,C2H4Br2,187.862,185.867976,232,408,156,38,2,10/642,2.0,642
https://comptox.epa.gov/dashboard/chemical/details/DTXSID0020103,Arsenic oxide (As2O3),1327-53-3,QTLQKAJBUDWPIB-UHFFFAOYSA-N,,[O--].[O--].[O--].[As+3].[As+3],InChI=1S/2As.3O/q2*+3;3*-2,As2O3,197.84,197.827934,110,2384,20,37,1,10/79,13.0,79
https://comptox.epa.gov/dashboard/chemical/details/DTXSID50889443,Ammonium oxalate,1113-38-8,VBIXEXWLHSRNKB-UHFFFAOYSA-N,Bisammonium ethanedioate,[NH4+].[NH4+].[O-]C(=O)C([O-])=O,"InChI=1S/C2H2O4.2H3N/c3-1(4)2(5)6;;/h(H,3,4)(H,5,6);2*1H3",C2H8N2O4,124.096,124.048407,54,,58,23,2, ,,
https://comptox.epa.gov/dashboard/chemical/details/DTXSID6021909,Diethylamine,109-89-7,HPNMFZURTQLUMO-UHFFFAOYSA-N,N-Ethylethanamine,CCNCC,"InChI=1S/C4H11N/c1-3-5-4-2/h5H,3-4H2,1-2H3",C4H11N,73.139,73.089149,174,178,307,26,2,6/235,3.0,235
https://comptox.epa.gov/dashboard/chemical/details/DTXSID0065066,Mercurous nitrate,10415-75-5,DRXYRSRECMWYAV-UHFFFAOYSA-N,,[Hg+].[O-][N+]([O-])=O,InChI=1S/Hg.NO3/c;2-1(3)4/q+1;-1,HgNO3,262.59,263.958461,40,37,23,2,1, ,,
https://comptox.epa.gov/dashboard/chemical/details/DTXSID20894882,Zinc fluoride,7783-49-5,BHHYHSUAOQUXJK-UHFFFAOYSA-L,Zinc difluoride,F[Zn]F,InChI=1S/2FH.Zn/h2*1H;/q;;+2/p-2,F2Zn,103.38,101.925948,38,,32,,2, ,,
https://comptox.epa.gov/dashboard/chemical/details/DTXSID7021106,Pentachlorophenol,87-86-5,IZUPBVBPLAPZRR-UHFFFAOYSA-N,Pentachlorophenol,OC1=C(Cl)C(Cl)=C(Cl)C(Cl)=C1Cl,InChI=1S/C6HCl5O/c7-1-2(8)4(10)6(12)5(11)3(1)9/h12H,C6HCl5O,266.32,263.847003,276,1761,173,105,2,307/899,34.0,899
https://comptox.epa.gov/dashboard/chemical/details/DTXSID20890763,"Sulfuric acid, ammonium nickel(2+) salt (2:2:1)",15699-18-0,DAPUDVOJPZKTSI-UHFFFAOYSA-L,Ammonium nickel(2+) sulfate (2/1/2),[NH4+].[NH4+].[Ni++].[O-]S([O-])(=O)=O.[O-]S([O-])(=O)=O,"InChI=1S/2H3N.Ni.2H2O4S/c;;;2*1-5(2,3)4/h2*1H3;;2*(H2,1,2,3,4)/q;;+2;;/p-2",H8N2NiO8S2,286.88,285.907550,42,,20,3,5, ,,
https://comptox.epa.gov/dashboard/chemical/details/DTXSID2021868,p-Xylene,106-42-3,URLKBWYHVLBVBO-UHFFFAOYSA-N,"1,4-Xylene",CC1=CC=C(C)C=C1,"InChI=1S/C8H10/c1-7-3-5-8(2)6-4-7/h3-6H,1-2H3",C8H10,106.168,106.078250,203,183,196,253,1,0/235,0.0,235
https://comptox.epa.gov/dashboard/chemical/details/DTXSID9025453,3-Methylbutyl acetate,123-92-2,MLFHJEHSLIIPHL-UHFFFAOYSA-N,3-Methylbutyl acetate,CC(C)CCOC(C)=O,"InChI=1S/C7H14O2/c1-6(2)4-5-9-7(3)8/h6H,4-5H2,1-3H3",C7H14O2,130.187,130.099380,188,125,124,120,1,12/879,1.0,879
https://comptox.epa.gov/dashboard/chemical/details/DTXSID0024846,Copper acetoarsenite,12002-03-8,HTSABAUNNZLCMN-UHFFFAOYSA-F,,[Cu++].[Cu++].[Cu++].[Cu++].[O-][As]=O.[O-][As]=O.[O-][As]=O.[O-][As]=O.[O-][As]=O.[O-][As]=O.CC([O-])=O.CC([O-])=O,"InChI=1S/2C2H4O2.6AsHO2.4Cu/c2*1-2(3)4;6*2-1-3;;;;/h2*1H3,(H,3,4);6*(H,2,3);;;;/q;;;;;;;;4*+2/p-8",C4H6As6Cu4O16,1013.79,1011.213546,47,12,9,,2, ,,
https://comptox.epa.gov/dashboard/chemical/details/DTXSID1021904,Butylamine,109-73-9,HQABUPZFAYXKJW-UHFFFAOYSA-N,Butan-1-amine,CCCCN,"InChI=1S/C4H11N/c1-2-3-4-5/h2-5H2,1H3",C4H11N,73.139,73.089149,159,68,168,12,1,1/403,0.0,403
https://comptox.epa.gov/dashboard/chemical/details/DTXSID7026073,"Butyl (2,4,5-trichlorophenoxy)acetate",93-79-8,FNEXNZUHBCBQTI-UHFFFAOYSA-N,"Butyl (2,4,5-trichlorophenoxy)acetate",CCCCOC(=O)COC1=C(Cl)C=C(Cl)C(Cl)=C1,"InChI=1S/C12H13Cl3O3/c1-2-3-4-17-12(16)7-18-11-6-9(14)8(13)5-10(11)15/h5-6H,2-4,7H2,1H3",C12H13Cl3O3,311.58,309.993027,57,1,56,1,1, ,,
https://comptox.epa.gov/dashboard/chemical/details/DTXSID7021605,Hexanedioic acid,124-04-9,WNLRTRBMVRJNCN-UHFFFAOYSA-N,Hexanedioic acid,OC(=O)CCCCC(O)=O,"InChI=1S/C6H10O4/c7-5(8)3-1-2-4-6(9)10/h1-4H2,(H,7,8)(H,9,10)",C6H10O4,146.142,146.057909,206,255,252,66,1,8/851,1.0,851
https://comptox.epa.gov/dashboard/chemical/details/DTXSID5023875,Ammonium sulfamate,7773-06-0,GEHMBYLTCISYNY-UHFFFAOYSA-N,Ammonium sulfamate,[NH4+].NS([O-])(=O)=O,"InChI=1S/H3NO3S.H3N/c1-5(2,3)4;/h(H3,1,2,3,4);1H3",H6N2O3S,114.12,114.009913,97,244,81,9,1,7/432,2.0,432
https://comptox.epa.gov/dashboard/chemical/details/DTXSID50889463,Diammonium L-(+)-tartrate,3164-29-2,NGPGDYLVALNKEG-OLXYHTOASA-N,"Bisammonium (2R,3R)-2,3-dihydroxybutanedioate",[NH4+].[NH4+].O[C@H]([C@@H](O)C([O-])=O)C([O-])=O,"InChI=1S/C4H6O6.2H3N/c5-1(3(7)8)2(6)4(9)10;;/h1-2,5-6H,(H,7,8)(H,9,10);2*1H3/t1-,2-;;/m1../s1",C4H12N2O6,184.148,184.069536,42,,23,3,2, ,,
https://comptox.epa.gov/dashboard/chemical/details/DTXSID1021798,Quinoline,91-22-5,SMWDFEZZVXVKRB-UHFFFAOYSA-N,Quinoline,C1=CC2=C(C=C1)N=CC=C2,InChI=1S/C9H7N/c1-2-6-9-8(4-1)5-3-7-10-9/h1-7H,C9H7N,129.162,129.057849,202,912,421,5,1,32/853,4.0,853
https://comptox.epa.gov/dashboard/chemical/details/DTXSID5020079,Diammonium citrate,3012-65-5,YXVFQADLFFNVDS-UHFFFAOYSA-N,Bisammonium 2-(carboxymethyl)-2-hydroxybutanedioate,[NH4+].[NH4+].OC(=O)CC(O)(CC([O-])=O)C([O-])=O,"InChI=1S/C6H8O7.2H3N/c7-3(8)1-6(13,5(11)12)2-4(9)10;;/h13H,1-2H2,(H,7,8)(H,9,10)(H,11,12);2*1H3",C6H14N2O7,226.185,226.080101,75,40,31,33,2,0/235,0.0,235
https://comptox.epa.gov/dashboard/chemical/details/DTXSID1037010,Sodium hydrogen difluoride,1333-83-1,WKYQUTKZJQOMHI-UHFFFAOYSA-N,,[Na+].[F-][H+][F-],InChI=1S/F2H.Na/c1-3-2;/q-1;+1,F2HNa,61.995,61.994401,63,,,44,1, ,,
https://comptox.epa.gov/dashboard/chemical/details/DTXSID3034957,Tetraethyl pyrophosphate,107-49-3,IDCBOTIENDVCBQ-UHFFFAOYSA-N,Tetraethyl diphosphate,CCOP(=O)(OCC)OP(=O)(OCC)OCC,"InChI=1S/C8H20O7P2/c1-5-11-16(9,12-6-2)15-17(10,13-7-3)14-8-4/h5-8H2,1-4H3",C8H20O7P2,290.189,290.068427,111,74,57,1,2,1/235,0.0,235
https://comptox.epa.gov/dashboard/chemical/details/DTXSID2041333,"2,4,5-T-sodium",13560-99-1,KXVMKVOQCMSZSZ-UHFFFAOYSA-M,"Sodium (2,4,5-trichlorophenoxy)acetate",[Na+].[O-]C(=O)COC1=C(Cl)C=C(Cl)C(Cl)=C1,"InChI=1S/C8H5Cl3O3.Na/c9-4-1-6(11)7(2-5(4)10)14-3-8(12)13;/h1-2H,3H2,(H,12,13);/q;+1/p-1",C8H4Cl3NaO3,277.46,275.912371,25,,34,,2, ,,
https://comptox.epa.gov/dashboard/chemical/details/DTXSID7020637,Formaldehyde,50-00-0,WSFSSNUMVMOOMR-UHFFFAOYSA-N,Formaldehyde,C=O,InChI=1S/CH2O/c1-2/h1H2,CH2O,30.026,30.010565,263,19234,338,2295,1, ,,
https://comptox.epa.gov/dashboard/chemical/details/DTXSID1029700,Calcium hypochlorite,7778-54-3,ZKQDCIXGCQPQNV-UHFFFAOYSA-N,Calcium dihypochlorite,[Ca++].[O-]Cl.[O-]Cl,InChI=1S/Ca.2ClO/c;2*1-2/q+2;2*-1,CaCl2O2,142.98,141.890126,98,73,60,197,1, ,,
https://comptox.epa.gov/dashboard/chemical/details/DTXSID4039231,Allyl chloride,107-05-1,OSDWBNJEKMUWAV-UHFFFAOYSA-N,3-Chloroprop-1-ene,ClCC=C,"InChI=1S/C3H5Cl/c1-2-3-4/h2H,1,3H2",C3H5Cl,76.52,76.007978,164,59,108,4,2,6/403,1.0,403
https://comptox.epa.gov/dashboard/chemical/details/DTXSID2020761,Isoprene,78-79-5,RRHGJUQNOFWUDK-UHFFFAOYSA-N,"2-Methylbuta-1,3-diene",CC(=C)C=C,"InChI=1S/C5H8/c1-4-5(2)3/h4H,1-2H2,3H3",C5H8,68.119,68.062600,160,716,129,12,2,0/235,0.0,235
https://comptox.epa.gov/dashboard/chemical/details/DTXSID30872515,Mercurous nitrate monohydrate,7782-86-7,WEXBYLMYRLHLJK-UHFFFAOYSA-N,,O.[Hg+].O[N+]([O-])=O,"InChI=1S/Hg.HNO3.H2O/c;2-1(3)4;/h;(H,2,3,4);1H2/q+1;;",H3HgNO4,281.62,282.976302,17,,1,4,1, ,,
https://comptox.epa.gov/dashboard/chemical/details/DTXSID9022021,"2,5-Dinitrophenol",329-71-5,UWEZBKLLMKVIPI-UHFFFAOYSA-N,"2,5-Dinitrophenol",OC1=C(C=CC(=C1)[N+]([O-])=O)[N+]([O-])=O,"InChI=1S/C6H4N2O5/c9-6-3-4(7(10)11)1-2-5(6)8(12)13/h1-3,9H",C6H4N2O5,184.107,184.012021,68,4,71,,2, ,,
https://comptox.epa.gov/dashboard/chemical/details/DTXSID5032365,Dichlobenil,1194-65-6,YOYAIZYFCNQIRF-UHFFFAOYSA-N,"2,6-Dichlorobenzonitrile",ClC1=CC=CC(Cl)=C1C#N,InChI=1S/C7H3Cl2N/c8-6-2-1-3-7(9)5(6)4-10/h1-3H,C7H3Cl2N,172.01,170.964255,179,107,182,12,2,17/972,2.0,972
https://comptox.epa.gov/dashboard/chemical/details/DTXSID30895027,Cadmium bromide,7789-42-6,KPWJBEFBFLRCLH-UHFFFAOYSA-L,Cadmium dibromide,[Br-].[Br-].[Cd++],InChI=1S/2BrH.Cd/h2*1H;/q;;+2/p-2,Br2Cd,272.222,271.740041,33,,19,,2, ,,
https://comptox.epa.gov/dashboard/chemical/details/DTXSID4021923,Cyclohexane,110-82-7,XDTMQSROBMDMFD-UHFFFAOYSA-N,Cyclohexane,C1CCCCC1,InChI=1S/C6H12/c1-2-4-6-5-3-1/h1-6H2,C6H12,84.162,84.093900,228,608,527,852,2,3/403,1.0,403
https://comptox.epa.gov/dashboard/chemical/details/DTXSID4021264,Selenium dioxide,7446-08-4,JPJALAQPGMAKDF-UHFFFAOYSA-N,Dioxo-lambda~4~-selane,O=[Se]=O,InChI=1S/O2Se/c1-3-2,O2Se,110.969,111.906351,74,110,99,8,1,60/235,26.0,235
https://comptox.epa.gov/dashboard/chemical/details/DTXSID3064857,Ammonium chromate,7788-98-9,MFFLHUNPSHBKRG-UHFFFAOYSA-P,Bisammonium tetraoxidochromate(2-),[NH4+].[NH4+].[O-][Cr]([O-])(=O)=O,InChI=1S/Cr.2H3N.4O/h;2*1H3;;;;/q;;;;;2*-1/p+2,CrH8N2O4,152.07,151.988913,39,,26,1,3, ,,
https://comptox.epa.gov/dashboard/chemical/details/DTXSID6091554,Zinc borate,1332-07-6,BIKXLKXABVUSMH-UHFFFAOYSA-N,Zinc borate (3/2),[Zn++].[Zn++].[Zn++].[O-]B([O-])[O-].[O-]B([O-])[O-],InChI=1S/2BO3.3Zn/c2*2-1(3)4;;;/q2*-3;3*+2,B2O6Zn3,313.75,309.775524,58,,41,17,1, ,,
https://comptox.epa.gov/dashboard/chemical/details/DTXSID6027923,Dodecylbenzenesulfonic acid,27176-87-0,,,"CCCCCCCCCCCC*.OS(=O)(=O)C1=CC=CC=C1 |c:18,20,t:16,lp:13:2,15:2,16:2,m:12:22.21.20|",,C18H30O3S,326.5,326.191566,141,331,,215,1,304/945,32.0,945
https://comptox.epa.gov/dashboard/chemical/details/DTXSID4062066,"2,4-D propyl ester",1928-61-6,URELEWKDONECLX-UHFFFAOYSA-N,"Propyl (2,4-dichlorophenoxy)acetate",CCCOC(=O)COC1=CC=C(Cl)C=C1Cl,"InChI=1S/C11H12Cl2O3/c1-2-5-15-11(14)7-16-10-4-3-8(12)6-9(10)13/h3-4,6H,2,5,7H2,1H3",C11H12Cl2O3,263.11,262.016350,23,,26,,3, ,,
https://comptox.epa.gov/dashboard/chemical/details/DTXSID5027859,Dinitrotoluene,25321-14-6,,,,,,, ,73,123,,4,1, ,,
https://comptox.epa.gov/dashboard/chemical/details/DTXSID6058182,Calcium arsenate,7778-44-1,RMBBSOLAGVEUSI-UHFFFAOYSA-H,Calcium arsorate (3/2),[Ca++].[Ca++].[Ca++].[O-][As]([O-])([O-])=O.[O-][As]([O-])([O-])=O,"InChI=1S/2AsH3O4.3Ca/c2*2-1(3,4)5;;;/h2*(H3,2,3,4,5);;;/q;;3*+2/p-6",As2Ca3O8,398.069,397.690280,66,15,33,3,1, ,,
https://comptox.epa.gov/dashboard/chemical/details/DTXSID3020964,Nitrobenzene,98-95-3,LQNUZADURLCDLV-UHFFFAOYSA-N,Nitrobenzene,[O-][N+](=O)C1=CC=CC=C1,InChI=1S/C6H5NO2/c8-7(9)6-4-2-1-3-5-6/h1-5H,C6H5NO2,123.111,123.032028,231,748,214,33,2,7/864,1.0,864
https://comptox.epa.gov/dashboard/chemical/details/DTXSID8034873,Pyrethrins,8003-34-7,,,,,,, ,114,6631,,187,1,8/79,10.0,79
https://comptox.epa.gov/dashboard/chemical/details/DTXSID4026212,"3,4,5-Trichlorophenol",609-19-8,GBNHEBQXJVDXSW-UHFFFAOYSA-N,"3,4,5-Trichlorophenol",OC1=CC(Cl)=C(Cl)C(Cl)=C1,"InChI=1S/C6H3Cl3O/c7-4-1-3(10)2-5(8)6(4)9/h1-2,10H",C6H3Cl3O,197.44,195.924948,96,2,96,,1,97/235,41.0,235
https://comptox.epa.gov/dashboard/chemical/details/DTXSID7060469,Mercuric thiocyanate,592-85-8,GBZANUMDJPCQHY-UHFFFAOYSA-L,Mercury bis(thiocyanate),[Hg++].[S-]C#N.[S-]C#N,InChI=1S/2CHNS.Hg/c2*2-1-3;/h2*3H;/q;;+2/p-2,C2HgN2S2,316.75,317.920933,50,5,18,6,2, ,,
https://comptox.epa.gov/dashboard/chemical/details/DTXSID1022057,"1,3-Dichloropropene",542-75-6,UOORRWUZONOOLO-UHFFFAOYSA-N,"1,3-Dichloroprop-1-ene",ClCC=CCl,"InChI=1S/C3H4Cl2/c4-2-1-3-5/h1-2H,3H2",C3H4Cl2,110.97,109.969005,165,185,48,12,1,0/235,0.0,235
https://comptox.epa.gov/dashboard/chemical/details/DTXSID5020445,"2,4-D isopropyl ester",94-11-1,WHOKDONDRZNCBC-UHFFFAOYSA-N,"Propan-2-yl (2,4-dichlorophenoxy)acetate",CC(C)OC(=O)COC1=C(Cl)C=C(Cl)C=C1,"InChI=1S/C11H12Cl2O3/c1-7(2)16-11(14)6-15-10-4-3-8(12)5-9(10)13/h3-5,7H,6H2,1-2H3",C11H12Cl2O3,263.11,262.016350,83,,44,1,1,5/400,1.0,400
https://comptox.epa.gov/dashboard/chemical/details/DTXSID2025765,3-Nitrophenol,554-84-7,RTZZCYNQPHTPPL-UHFFFAOYSA-N,3-Nitrophenol,OC1=CC=CC(=C1)[N+]([O-])=O,"InChI=1S/C6H5NO3/c8-6-3-1-2-5(4-6)7(9)10/h1-4,8H",C6H5NO3,139.11,139.026943,119,44,183,3,2,10/235,4.0,235
https://comptox.epa.gov/dashboard/chemical/details/DTXSID1060267,Cobaltous formate,544-18-3,PFQLIVQUKOIJJD-UHFFFAOYSA-L,Cobalt(2+) diformate,[Co++].[O-]C=O.[O-]C=O,"InChI=1S/2CH2O2.Co/c2*2-1-3;/h2*1H,(H,2,3);/q;;+2/p-2",C2H2CoO4,148.967,148.928503,36,2666,19,,2, ,,
https://comptox.epa.gov/dashboard/chemical/details/DTXSID4064898,Sodium hypochlorite pentahydrate,10022-70-5,FHKLOBNGYGFRSF-UHFFFAOYSA-N,Sodium hypochlorite--water (1/1/5),O.O.O.O.O.[Na+].[O-]Cl,InChI=1S/ClO.Na.5H2O/c1-2;;;;;;/h;;5*1H2/q-1;+1;;;;;,ClH10NaO6,164.51,164.006360,21,,16,5,3, ,,
https://comptox.epa.gov/dashboard/chemical/details/DTXSID0020523,"2,4-Dinitrophenol",51-28-5,UFBJCMHMOXMLKC-UHFFFAOYSA-N,"2,4-Dinitrophenol",OC1=C(C=C(C=C1)[N+]([O-])=O)[N+]([O-])=O,"InChI=1S/C6H4N2O5/c9-6-2-1-4(7(10)11)3-5(6)8(12)13/h1-3,9H",C6H4N2O5,184.107,184.012021,219,1694,183,24,1,167/832,20.0,832
https://comptox.epa.gov/dashboard/chemical/details/DTXSID2040317,Aluminum sesquisulfate,10043-01-3,DIZPMCHEQGEION-UHFFFAOYSA-H,Aluminium sulfate (2/3),[Al+3].[Al+3].[O-]S([O-])(=O)=O.[O-]S([O-])(=O)=O.[O-]S([O-])(=O)=O,"InChI=1S/2Al.3H2O4S/c;;3*1-5(2,3)4/h;;3*(H2,1,2,3,4)/q2*+3;;;/p-6",Al2O12S3,342.13,341.818266,123,1192,63,629,1, ,,
https://comptox.epa.gov/dashboard/chemical/details/DTXSID4020080,Ammonium hydroxide,1336-21-6,VHUUQVKOLVNVRT-UHFFFAOYSA-N,Ammonium hydroxide,[NH4+].[OH-],InChI=1S/H3N.H2O/h1H3;1H2,H5NO,35.046,35.037114,139,242,155,1818,1, ,,
https://comptox.epa.gov/dashboard/chemical/details/DTXSID1041059,Lead chloride,7758-95-4,HWSZZLVAJGOAAY-UHFFFAOYSA-L,Lead(2+) dichloride,[Cl-].[Cl-].[Pb++],InChI=1S/2ClH.Pb/h2*1H;/q;;+2/p-2,Cl2Pb,278.1,277.914358,67,135,14,5,2, ,,
https://comptox.epa.gov/dashboard/chemical/details/DTXSID1074250,Disodium phosphate dihydrate,10028-24-7,KDQPSPMLNJTZAL-UHFFFAOYSA-L,Sodium hydrogen phosphate--water (2/1/2),O.O.[Na+].[Na+].OP([O-])([O-])=O,"InChI=1S/2Na.H3O4P.2H2O/c;;1-5(2,3)4;;/h;;(H3,1,2,3,4);2*1H2/q2*+1;;;/p-2",H5Na2O6P,177.987,177.961913,25,,78,3,3, ,,
https://comptox.epa.gov/dashboard/chemical/details/DTXSID1020225,Cadmium acetate,543-90-8,LHQLJMJLROMYRN-UHFFFAOYSA-L,Cadmium diacetate,[Cd++].CC([O-])=O.CC([O-])=O,"InChI=1S/2C2H4O2.Cd/c2*1-2(3)4;/h2*1H3,(H,3,4);/q;;+2/p-2",C4H6CdO4,230.502,231.929974,55,75,48,2,2, ,,
https://comptox.epa.gov/dashboard/chemical/details/DTXSID8021515,Butanoic acid,107-92-6,FERIUCNNQQJTOY-UHFFFAOYSA-N,Butanoic acid,CCCC(O)=O,"InChI=1S/C4H8O2/c1-2-3-4(5)6/h2-3H2,1H3,(H,5,6)",C4H8O2,88.106,88.052429,190,2518,219,9,2,19/846,2.0,846
https://comptox.epa.gov/dashboard/chemical/details/DTXSID6023947,Carbon disulfide,75-15-0,QGJOPFRUJISHPQ-UHFFFAOYSA-N,Methanedithione,S=C=S,InChI=1S/CS2/c2-1-3,CS2,76.13,75.944142,204,1770,152,39,2,1/235,0.0,235
https://comptox.epa.gov/dashboard/chemical/details/DTXSID4023880,Antimony trioxide,1309-64-4,ADCOVFLJGNWWNZ-UHFFFAOYSA-N,"Distiboxane-1,3-dione",O=[Sb]O[Sb]=O,InChI=1S/3O.2Sb,O3Sb2,291.517,289.792360,117,42,42,620,1, ,,
https://comptox.epa.gov/dashboard/chemical/details/DTXSID6020561,Endrin,72-20-8,DFBKLUNHFCTMDC-GKRDHZSOSA-N,"rel-(1aR,2R,2aR,3R,6S,6aS,7S,7aS)-3,4,5,6,9,9-Hexachloro-1a,2,2a,3,6,6a,7,7a-octahydro-2,7:3,6-dimethanonaphtho[2,3-b]oxirene",ClC1=C(Cl)[C@]2(Cl)[C@@H]3[C@H]4C[C@H]([C@@H]5O[C@H]45)[C@@H]3[C@@]1(Cl)C2(Cl)Cl,"InChI=1S/C12H8Cl6O/c13-8-9(14)11(16)5-3-1-2(6-7(3)19-6)4(5)10(8,15)12(11,17)18/h2-7H,1H2/t2-,3+,4-,5+,6-,7+,10-,11+",C12H8Cl6O,380.9,377.870631,182,284,30,55,1,144/920,16.0,920
https://comptox.epa.gov/dashboard/chemical/details/DTXSID50883502,Lead sulphate,7446-14-2,KEQXNNJHMWSZHK-UHFFFAOYSA-L,,[Pb++].[O-]S([O-])(=O)=O,"InChI=1S/H2O4S.Pb/c1-5(2,3)4;/h(H2,1,2,3,4);/q;+2/p-2",O4PbS,303.3,303.928383,65,,59,251,2, ,,
https://comptox.epa.gov/dashboard/chemical/details/DTXSID9029645,Ammonium hydrogen difluoride,1341-49-7,KVBCYCWRDBDGBG-UHFFFAOYSA-N,Ammonium fluoride--hydrogen fluoride (1/1/1),[NH4+].F.[F-],InChI=1S/2FH.H3N/h2*1H;1H3,F2H5N,57.044,57.039005,76,92,25,104,2, ,,
https://comptox.epa.gov/dashboard/chemical/details/DTXSID3021982,Butyl acetate,123-86-4,DKPFZGUDAPQIHT-UHFFFAOYSA-N,Butyl acetate,CCCCOC(C)=O,"InChI=1S/C6H12O2/c1-3-4-5-8-6(2)7/h3-5H2,1-2H3",C6H12O2,116.16,116.083730,224,120,263,8739,2,10/401,2.0,401
https://comptox.epa.gov/dashboard/chemical/details/DTXSID1050462,Ammonium bisulfite,10192-30-0,ZETCGWYACBNPIH-UHFFFAOYSA-N,Ammonium hydrogen sulfite,[NH4+].OS([O-])=O,"InChI=1S/H3N.H2O3S/c;1-4(2)3/h1H3;(H2,1,2,3)",H5NO3S,99.1,98.999014,64,8,25,378,2, ,,
https://comptox.epa.gov/dashboard/chemical/details/DTXSID2020686,Lindane,58-89-9,JLYXXMFPNIAWKQ-GNIYUCBRSA-N,"(1R,2S,3r,4R,5S,6r)-1,2,3,4,5,6-Hexachlorocyclohexane",Cl[C@H]1[C@H](Cl)[C@@H](Cl)[C@@H](Cl)[C@H](Cl)[C@H]1Cl,"InChI=1S/C6H6Cl6/c7-1-2(8)4(10)6(12)5(11)3(1)9/h1-6H/t1-,2-,3-,4+,5+,6+",C6H6Cl6,290.81,287.860066,239,4371,425,76,1,97/975,10.0,975
https://comptox.epa.gov/dashboard/chemical/details/DTXSID4024018,Dicamba,1918-00-9,IWEDIXLBFLAXBO-UHFFFAOYSA-N,"3,6-Dichloro-2-methoxybenzoic acid",COC1=C(Cl)C=CC(Cl)=C1C(O)=O,"InChI=1S/C8H6Cl2O3/c1-13-7-5(10)3-2-4(9)6(7)8(11)12/h2-3H,1H3,(H,11,12)",C8H6Cl2O3,221.03,219.969400,196,148,151,46,1,25/915,3.0,915
https://comptox.epa.gov/dashboard/chemical/details/DTXSID9058818,"1,1-Dichloropropane",78-99-9,WIHMGGWNMISDNJ-UHFFFAOYSA-N,"1,1-Dichloropropane",CCC(Cl)Cl,"InChI=1S/C3H6Cl2/c1-2-3(4)5/h3H,2H2,1H3",C3H6Cl2,112.98,111.984656,52,,59,,3, ,,
https://comptox.epa.gov/dashboard/chemical/details/DTXSID201023223,Nitrophenol,25154-55-6,,,"OC1=CC=CC=C1.[O-][N+](*)=O |c:3,5,t:1,lp:0:2,7:3,10:2,m:9:4.5.6|",,C6H5NO3,139.11,139.026943,12,,,,2, ,,
https://comptox.epa.gov/dashboard/chemical/details/DTXSID00927384,"(2,4,5-Trichlorophenoxy)acetic acid--1-aminopropan-2-ol (1/1)",1319-72-8,WLTODFLUDPNNBX-UHFFFAOYSA-N,"(2,4,5-Trichlorophenoxy)acetic acid--1-aminopropan-2-ol (1/1)",CC(O)CN.OC(=O)COC1=C(Cl)C=C(Cl)C(Cl)=C1,"InChI=1S/C8H5Cl3O3.C3H9NO/c9-4-1-6(11)7(2-5(4)10)14-3-8(12)13;1-3(5)2-4/h1-2H,3H2,(H,12,13);3,5H,2,4H2,1H3",C11H14Cl3NO4,330.59,328.998841,8,,10,,5, ,,
https://comptox.epa.gov/dashboard/chemical/details/DTXSID4024276,Propargite,2312-35-8,ZYHMJXZULPZUED-UHFFFAOYSA-N,2-(4-tert-Butylphenoxy)cyclohexyl prop-2-yn-1-yl sulfite,CC(C)(C)C1=CC=C(OC2CCCCC2OS(=O)OCC#C)C=C1,"InChI=1/C19H26O4S/c1-5-14-21-24(20)23-18-9-7-6-8-17(18)22-16-12-10-15(11-13-16)19(2,3)4/h1,10-13,17-18H,6-9,14H2,2-4H3",C19H26O4S,350.47,350.155180,173,33,126,,1,373/1096,34.0,1096
https://comptox.epa.gov/dashboard/chemical/details/DTXSID9020243,Captan,133-06-2,LDVVMCZRFWMZSG-OLQVQODUSA-N,"2-[(Trichloromethyl)sulfanyl]-3a,4,7,7a-tetrahydro-1H-isoindole-1,3(2H)-dione",[H][C@@]12CC=CC[C@]1([H])C(=O)N(SC(Cl)(Cl)Cl)C2=O,"InChI=1S/C9H8Cl3NO2S/c10-9(11,12)16-13-7(14)5-3-1-2-4-6(5)8(13)15/h1-2,5-6H,3-4H2/t5-,6+",C9H8Cl3NO2S,300.58,298.934133,217,308,98,9,1,289/1062,27.0,1062
https://comptox.epa.gov/dashboard/chemical/details/DTXSID5029687,Phosphorous trichloride,7719-12-2,FAIAAWCVCHQXDN-UHFFFAOYSA-N,Phosphorous trichloride,ClP(Cl)Cl,InChI=1S/Cl3P/c1-4(2)3,Cl3P,137.32,135.880320,78,20,62,2,2, ,,
https://comptox.epa.gov/dashboard/chemical/details/DTXSID6022004,"1,3-Dichloropropane",142-28-9,YHRUOJUYPBUZOS-UHFFFAOYSA-N,"1,3-Dichloropropane",ClCCCCl,InChI=1S/C3H6Cl2/c4-2-1-3-5/h1-3H2,C3H6Cl2,112.98,111.984656,128,13,113,11,2,5/408,1.0,408
https://comptox.epa.gov/dashboard/chemical/details/DTXSID1020273,Chlorine,7782-50-5,KZBUYRJDOAKODT-UHFFFAOYSA-N,Chlorine,ClCl,InChI=1S/Cl2/c1-2,Cl2,70.9,69.937705,143,9918,52,174,2, ,,
https://comptox.epa.gov/dashboard/chemical/details/DTXSID0041854,Dichlorobenzene,25321-22-6,,,,,,, ,42,,,1,2, ,,
https://comptox.epa.gov/dashboard/chemical/details/DTXSID5021124,Phenol,108-95-2,ISWSIDIOOBJBQZ-UHFFFAOYSA-N,Phenol,OC1=CC=CC=C1,"InChI=1S/C6H6O/c7-6-4-2-1-3-5-6/h1-5,7H",C6H6O,94.113,94.041865,324,4884,578,1018,2,22/917,2.0,917
https://comptox.epa.gov/dashboard/chemical/details/DTXSID70908605,Copper(2+) sulfate--ammonia--water (1/1/4/1),10380-29-7,ABAHXVHZPFQSDZ-UHFFFAOYSA-L,Copper(2+) sulfate--ammonia--water (1/1/4/1),N.N.N.N.O.[Cu++].[O-]S([O-])(=O)=O,"InChI=1S/Cu.4H3N.H2O4S.H2O/c;;;;;1-5(2,3)4;/h;4*1H3;(H2,1,2,3,4);1H2/q+2;;;;;;/p-2",CuH14N4O5S,245.74,244.998089,11,,22,,5, ,,
https://comptox.epa.gov/dashboard/chemical/details/DTXSID901010229,Nitrotoluene,1321-12-6,,,"CC1=CC=CC=C1.[O-][N+](*)=O |c:3,5,t:1,lp:7:3,10:2,m:9:6.5.4|",,C7H7NO2,137.138,137.047678,20,,,,4, ,,
https://comptox.epa.gov/dashboard/chemical/details/DTXSID00894224,Zinc dithionite,7779-86-4,PENRVBJTRIYHOA-UHFFFAOYSA-L,Zinc dithionite,[Zn++].[O-]S(=O)S([O-])=O,"InChI=1S/H2O4S2.Zn/c1-5(2)6(3)4;/h(H,1,2)(H,3,4);/q;+2/p-2",O4S2Zn,193.5,191.852943,35,,18,,1, ,,
https://comptox.epa.gov/dashboard/chemical/details/DTXSID5023873,Ammonium acetate,631-61-8,USFZMSVCRYTOJT-UHFFFAOYSA-N,Ammonium acetate,[NH4+].CC([O-])=O,"InChI=1S/C2H4O2.H3N/c1-2(3)4;/h1H3,(H,3,4);1H3",C2H7NO2,77.083,77.047678,106,589,156,335,2,0/3,0.0,3
https://comptox.epa.gov/dashboard/chemical/details/DTXSID4034499,Pyrethrin I,121-21-1,ROVGZAWFACYCSP-VUMXUWRFSA-N,"(1S)-2-Methyl-4-oxo-3-[(2Z)-penta-2,4-dien-1-yl]cyclopent-2-en-1-yl (1R,3R)-2,2-dimethyl-3-(2-methylprop-1-en-1-yl)cyclopropane-1-carboxylate",CC(C)=C[C@@H]1[C@@H](C(=O)O[C@H]2CC(=O)C(C\C=C/C=C)=C2C)C1(C)C,"InChI=1S/C21H28O3/c1-7-8-9-10-15-14(4)18(12-17(15)22)24-20(23)19-16(11-13(2)3)21(19,5)6/h7-9,11,16,18-19H,1,10,12H2,2-6H3/b9-8-/t16-,18+,19+/m1/s1",C21H28O3,328.452,328.203845,93,11,36,6,1, ,,
https://comptox.epa.gov/dashboard/chemical/details/DTXSID4042092,Lead arsenate,7784-40-9,UWRBYRMOUPAKLM-UHFFFAOYSA-L,,[Pb++].O[As]([O-])([O-])=O,"InChI=1S/AsH3O4.Pb/c2-1(3,4)5;/h(H3,2,3,4,5);/q;+2/p-2",AsHO4Pb,347.1,347.885732,54,36,21,,1, ,,
https://comptox.epa.gov/dashboard/chemical/details/DTXSID8034798,Paraformaldehyde,30525-89-4,,,,,,, ,81,625,,43,2, ,,
https://comptox.epa.gov/dashboard/chemical/details/DTXSID0024717,Calcium monochromate,13765-19-0,RFAFBXGYHBOUMV-UHFFFAOYSA-N,Calcium tetraoxidochromate(2-),[Ca++].[O-][Cr]([O-])(=O)=O,InChI=1S/Ca.Cr.4O/q+2;;;;2*-1,CaCrO4,156.07,155.882755,59,18,43,20,1, ,,
https://comptox.epa.gov/dashboard/chemical/details/DTXSID5029710,Phosphoric trichloride,10025-87-3,XHXFXVLFKHQFAL-UHFFFAOYSA-N,Phosphoric trichloride,ClP(Cl)(Cl)=O,"InChI=1S/Cl3OP/c1-5(2,3)4",Cl3OP,153.32,151.875235,110,62,76,8,2,3/235,1.0,235
https://comptox.epa.gov/dashboard/chemical/details/DTXSID0029634,Sodium hydroxide,1310-73-2,HEMHJVSKTPXQMS-UHFFFAOYSA-M,Sodium hydroxide,[OH-].[Na+],InChI=1S/Na.H2O/h;1H2/q+1;/p-1,HNaO,39.997,39.992509,185,4394,459,5278,2, ,,
https://comptox.epa.gov/dashboard/chemical/details/DTXSID7023801,Tetraethyl lead,78-00-2,MRMOZBOQVYRSEM-UHFFFAOYSA-N,Tetraethylplumbane,CC[Pb](CC)(CC)CC,"InChI=1S/4C2H5.Pb/c4*1-2;/h4*1H2,2H3;",C8H20Pb,323.4,324.133154,118,270,45,101,2, ,,
https://comptox.epa.gov/dashboard/chemical/details/DTXSID00893116,Nitrogen tetroxide,10544-72-6,WFPZPJSADLPSON-UHFFFAOYSA-N,,[O-][N+](=O)[N+]([O-])=O,InChI=1S/N2O4/c3-1(4)2(5)6,N2O4,92.01,91.985806,53,,28,13,2, ,,
https://comptox.epa.gov/dashboard/chemical/details/DTXSID20904950,"Arsonic acid, calcium salt (1:1)",52740-16-6,MWVQLFPPEDCITP-UHFFFAOYSA-L,Calcium arsonate,[Ca++].[O-][AsH]([O-])=O,"InChI=1S/AsH3O3.Ca/c2-1(3)4;/h1H,(H2,2,3,4);/q;+2/p-2",AsCaHO3,164.005,163.876755,20,,3,,2, ,,
https://comptox.epa.gov/dashboard/chemical/details/DTXSID8052306,2-Pentanyl acetate,626-38-0,GQKZRWSUJHVIPE-UHFFFAOYSA-N,Pentan-2-yl acetate,CCCC(C)OC(C)=O,"InChI=1/C7H14O2/c1-4-5-6(2)9-7(3)8/h6H,4-5H2,1-3H3",C7H14O2,130.187,130.099380,72,,68,2,1, ,,
https://comptox.epa.gov/dashboard/chemical/details/DTXSID101015049,Nickel salt of nitric acid,14216-75-2,,,,,,, ,12,,,,1, ,,
https://comptox.epa.gov/dashboard/chemical/details/DTXSID80890522,Ammonium iron(III) oxalate,2944-67-4,WPADTLKJFUUWIK-UHFFFAOYSA-H,,N.N.N.[Fe].[O-]C(=O)C([O-])=O.[O-]C(=O)C([O-])=O.[O-]C(=O)C([O-])=O,"InChI=1S/3C2H2O4.Fe.3H3N/c3*3-1(4)2(5)6;;;;/h3*(H,3,4)(H,5,6);;3*1H3/p-6",C6H9FeN3O12,370.995,370.956850,18,,,,1, ,,
https://comptox.epa.gov/dashboard/chemical/details/DTXSID6064870,Antimony tribromide,7789-61-9,RPJGYLSSECYURW-UHFFFAOYSA-K,Tribromostibane,Br[Sb](Br)Br,InChI=1S/3BrH.Sb/h3*1H;/q;;;+3/p-3,Br3Sb,361.472,357.658820,27,,43,1,2, ,,
https://comptox.epa.gov/dashboard/chemical/details/DTXSID5020104,Sodium arsenite,7784-46-5,PTLRDCMBXHILCL-UHFFFAOYSA-M,,[Na+].[O-][As]=O,"InChI=1S/AsHO2.Na/c2-1-3;/h(H,2,3);/q;+1/p-1",AsNaO2,129.909,129.901194,98,1091,74,34,1,37/56,66.0,56
https://comptox.epa.gov/dashboard/chemical/details/DTXSID5026382,Methanethiol,74-93-1,LSDPWZHWYPCBBB-UHFFFAOYSA-N,Methanethiol,CS,"InChI=1S/CH4S/c1-2/h2H,1H3",CH4S,48.1,48.003371,133,357,97,2,2, ,,
https://comptox.epa.gov/dashboard/chemical/details/DTXSID2024115,Formic acid,64-18-6,BDAGIHXWWSANSR-UHFFFAOYSA-N,Formic acid,OC=O,"InChI=1S/CH2O2/c2-1-3/h1H,(H,2,3)",CH2O2,46.025,46.005479,211,5332,1535,217,2,0/3,0.0,3
https://comptox.epa.gov/dashboard/chemical/details/DTXSID3042556,Arsenic chloride,7784-34-1,OEYOHULQRFXULB-UHFFFAOYSA-N,Arsorous trichloride,Cl[As](Cl)Cl,InChI=1S/AsCl3/c2-1(3)4,AsCl3,181.27,179.828153,63,11,50,2,2, ,,
https://comptox.epa.gov/dashboard/chemical/details/DTXSID0022018,Disulfoton,298-04-4,DOFZAZXDOSGAJZ-UHFFFAOYSA-N,"O,O-Diethyl S-[2-(ethylsulfanyl)ethyl] phosphorodithioate",CCOP(=S)(OCC)SCCSCC,"InChI=1S/C8H19O2PS3/c1-4-9-11(12,10-5-2)14-8-7-13-6-3/h4-8H2,1-3H3",C8H19O2PS3,274.39,274.028480,207,102,106,23,2,85/981,9.0,981
https://comptox.epa.gov/dashboard/chemical/details/DTXSID9020247,Carbaryl,63-25-2,CVXBEEMKQHEXEN-UHFFFAOYSA-N,Naphthalen-1-yl methylcarbamate,CNC(=O)OC1=C2C=CC=CC2=CC=C1,"InChI=1S/C12H11NO2/c1-13-12(14)15-11-8-4-6-9-5-2-3-7-10(9)11/h2-8H,1H3,(H,13,14)",C12H11NO2,201.225,201.078979,255,1135,153,82,2,119/1003,12.0,1003
https://comptox.epa.gov/dashboard/chemical/details/DTXSID6020438,"1,2-Dichloroethane",107-06-2,WSLDOOZREJYCGB-UHFFFAOYSA-N,"1,2-Dichloroethane",ClCCCl,InChI=1S/C2H4Cl2/c3-1-2-4/h1-2H2,C2H4Cl2,98.95,97.969005,246,414,503,195,1,5/400,1.0,400
https://comptox.epa.gov/dashboard/chemical/details/DTXSID0023872,Ammonia,7664-41-7,QGZKDVFQNNGYKY-UHFFFAOYSA-N,Ammonia,N,InChI=1S/H3N/h1H3,H3N,17.031,17.026549,195,23886,433,1201,2, ,,
https://comptox.epa.gov/dashboard/chemical/details/DTXSID5021831,3-Nitrotoluene,99-08-1,QZYHIOPPLUPUJF-UHFFFAOYSA-N,1-Methyl-3-nitrobenzene,CC1=CC(=CC=C1)[N+]([O-])=O,"InChI=1S/C7H7NO2/c1-6-3-2-4-7(5-6)8(9)10/h2-5H,1H3",C7H7NO2,137.138,137.047678,165,33,136,3,2,13/859,2.0,859
https://comptox.epa.gov/dashboard/chemical/details/DTXSID8034902,Sodium bisulfite,7631-90-5,DWAQJAXMDSEUJJ-UHFFFAOYSA-M,Sodium hydrogen sulfite,[Na+].OS([O-])=O,"InChI=1S/Na.H2O3S/c;1-4(2)3/h;(H2,1,2,3)/q+1;/p-1",HNaO3S,104.05,103.954409,116,444,85,1011,1, ,,
https://comptox.epa.gov/dashboard/chemical/details/DTXSID1020560,Endosulfan,115-29-7,RDYMFSUJUZBWLH-UHFFFAOYSA-N,"6,7,8,9,10,10-Hexachloro-1,5,5a,6,9,9a-hexahydro-3H-6,9-methano-3lambda~4~-2,4,3lambda~4~-benzodioxathiepin-3-one",ClC1=C(Cl)C2(Cl)C3COS(=O)OCC3C1(Cl)C2(Cl)Cl,"InChI=1/C9H6Cl6O3S/c10-5-6(11)8(13)4-2-18-19(16)17-1-3(4)7(5,12)9(8,14)15/h3-4H,1-2H2",C9H6Cl6O3S,406.9,403.816881,200,1175,108,3,1,344/1095,31.0,1095
https://comptox.epa.gov/dashboard/chemical/details/DTXSID1064823,Ferric fluoride,7783-50-8,SHXXPRJOPFJRHA-UHFFFAOYSA-K,Iron(3+) trifluoride,F[Fe](F)F,InChI=1S/3FH.Fe/h3*1H;/q;;;+3/p-3,F3Fe,112.84,112.930145,38,10,34,,2, ,,
https://comptox.epa.gov/dashboard/chemical/details/DTXSID9024148,Hydrogen cyanide,74-90-8,LELOWRISYMNNSU-UHFFFAOYSA-N,Hydrocyanic acid,C#N,InChI=1S/CHN/c1-2/h1H,CHN,27.026,27.010899,145,1081,82,27,1, ,,
https://comptox.epa.gov/dashboard/chemical/details/DTXSID5057919,Potassium arsenite (1:x),10124-50-2,WXRRFMXUNQUDGZ-UHFFFAOYSA-M,Potassium hydrogen arsonate,[K+].O[AsH]([O-])=O,"InChI=1S/AsH3O3.K/c2-1(3)4;/h1H,(H2,2,3,4);/q;+1/p-1",AsH2KO3,164.033,163.885695,31,,2,,1, ,,
https://comptox.epa.gov/dashboard/chemical/details/DTXSID7025427,2-Hydroxy-2-methylpropanenitrile,75-86-5,MWFMGBPGAXYFAR-UHFFFAOYSA-N,2-Hydroxy-2-methylpropanenitrile,CC(C)(O)C#N,"InChI=1S/C4H7NO/c1-4(2,6)3-5/h6H,1-2H3",C4H7NO,85.106,85.052764,136,27,97,,2,6/432,1.0,432
https://comptox.epa.gov/dashboard/chemical/details/DTXSID0021389,Trichlorfon,52-68-6,NFACJZMKEDPNKN-UHFFFAOYSA-N,"Dimethyl (2,2,2-trichloro-1-hydroxyethyl)phosphonate",COP(=O)(OC)C(O)C(Cl)(Cl)Cl,"InChI=1/C4H8Cl3O4P/c1-10-12(9,11-2)3(8)4(5,6)7/h3,8H,1-2H3",C4H8Cl3O4P,257.43,255.922579,201,1046,135,10,1,116/963,12.0,963
https://comptox.epa.gov/dashboard/chemical/details/DTXSID8020090,Aniline,62-53-3,PAYRUJLWNCNPSJ-UHFFFAOYSA-N,Aniline,NC1=CC=CC=C1,"InChI=1S/C6H7N/c7-6-4-2-1-3-5-6/h1-5H,7H2",C6H7N,93.129,93.057849,260,1932,341,113,1,1/235,0.0,235
https://comptox.epa.gov/dashboard/chemical/details/DTXSID1029706,Chlorosulfuric acid,7790-94-5,XTHPWXDJESJLNJ-UHFFFAOYSA-N,Sulfurochloridic acid,OS(Cl)(=O)=O,"InChI=1S/ClHO3S/c1-5(2,3)4/h(H,2,3,4)",ClHO3S,116.52,115.933493,63,50,60,2,2, ,,
https://comptox.epa.gov/dashboard/chemical/details/DTXSID2040315,Zinc sulfate,7733-02-0,NWONKYPBYAMBJT-UHFFFAOYSA-L,Zinc sulfate,[Zn++].[O-]S([O-])(=O)=O,"InChI=1S/H2O4S.Zn/c1-5(2,3)4;/h(H2,1,2,3,4);/q;+2/p-2",O4SZn,161.44,159.880872,113,1642,71,83,2, ,,
https://comptox.epa.gov/dashboard/chemical/details/DTXSID6041345,"2,4-D Chlorocrotyl ester",2971-38-2,NEVMZYLKPFGDJB-UHFFFAOYSA-N,"4-Chlorobut-2-en-1-yl (2,4-dichlorophenoxy)acetate",ClCC=CCOC(=O)COC1=C(Cl)C=C(Cl)C=C1,"InChI=1S/C12H11Cl3O3/c13-5-1-2-6-17-12(16)8-18-11-4-3-9(14)7-10(11)15/h1-4,7H,5-6,8H2",C12H11Cl3O3,309.57,307.977377,22,,5,,1, ,,
https://comptox.epa.gov/dashboard/chemical/details/DTXSID1027891,Calcium dodecylbenzene sulfonate,26264-06-2,,,,,,, ,79,,,8,1,112/443,25.0,443
https://comptox.epa.gov/dashboard/chemical/details/DTXSID2037136,Uranium nitrate oxide (UO2(NO3)2),10102-06-4,ZYEWBKAZYICUMJ-UHFFFAOYSA-N,Bis(nitrato-kappaO)[bis(oxido)]uranium,[O-][N+](=O)O[U](=O)(=O)O[N+]([O-])=O,InChI=1S/2NO3.2O.U/c2*2-1(3)4;;;/q2*-1;;;+2,N2O8U,394.035,394.016250,32,331,21,2,1, ,,
https://comptox.epa.gov/dashboard/chemical/details/DTXSID10890636,Zinc nitrate,7779-88-6,ONDPHDOFVYQSGI-UHFFFAOYSA-N,Zinc dinitrate,[Zn++].[O-][N+]([O-])=O.[O-][N+]([O-])=O,InChI=1S/2NO3.Zn/c2*2-1(3)4;/q2*-1;+2,N2O6Zn,189.39,187.904778,66,,39,20,2, ,,
https://comptox.epa.gov/dashboard/chemical/details/DTXSID7020893,Mexacarbate,315-18-4,YNEVBPNZHBAYOA-UHFFFAOYSA-N,"4-(Dimethylamino)-3,5-dimethylphenyl methylcarbamate",CNC(=O)OC1=CC(C)=C(N(C)C)C(C)=C1,"InChI=1S/C12H18N2O2/c1-8-6-10(16-12(15)13-3)7-9(2)11(8)14(4)5/h6-7H,1-5H3,(H,13,15)",C12H18N2O2,222.288,222.136828,117,27,50,,2,13/235,6.0,235
https://comptox.epa.gov/dashboard/chemical/details/DTXSID2020630,Sodium fluoride,7681-49-4,PUZPDOWCWNUUKD-UHFFFAOYSA-M,Sodium fluoride,[F-].[Na+],InChI=1S/FH.Na/h1H;/q;+1/p-1,FNa,41.98817244,41.988172,152,6385,144,416,1,0/56,0.0,56
https://comptox.epa.gov/dashboard/chemical/details/DTXSID3032626,Methiocarb,2032-65-7,YFBPRJGDJKVWAH-UHFFFAOYSA-N,"3,5-Dimethyl-4-(methylsulfanyl)phenyl methylcarbamate",CNC(=O)OC1=CC(C)=C(SC)C(C)=C1,"InChI=1S/C11H15NO2S/c1-7-5-9(14-11(13)12-3)6-8(2)10(7)15-4/h5-6H,1-4H3,(H,12,13)",C11H15NO2S,225.31,225.082350,157,65,73,1,2,96/519,18.0,519
https://comptox.epa.gov/dashboard/chemical/details/DTXSID0021836,"1,4-Dinitrobenzene",100-25-4,FYFDQJRXFWGIBS-UHFFFAOYSA-N,"1,4-Dinitrobenzene",[O-][N+](=O)C1=CC=C(C=C1)[N+]([O-])=O,InChI=1S/C6H4N2O4/c9-7(10)5-1-2-6(4-3-5)8(11)12/h1-4H,C6H4N2O4,168.108,168.017107,117,18,112,,2,102/497,21.0,497
https://comptox.epa.gov/dashboard/chemical/details/DTXSID00858725,Trichlorophenol,25167-82-2,,,"OC1=CC=CC=C1.Cl*.Cl*.Cl* |c:3,5,t:1,lp:0:2,7:3,9:3,11:3,m:8:5.6,10:4.5,12:2.3.4|",,C6H3Cl3O,197.44,195.924948,39,267,,,1, ,,
https://comptox.epa.gov/dashboard/chemical/details/DTXSID7024166,"2,5-Furandione",108-31-6,FPYJFEHAWHCUMM-UHFFFAOYSA-N,"Furan-2,5-dione",O=C1OC(=O)C=C1,InChI=1S/C4H2O3/c5-3-1-2-4(6)7-3/h1-2H,C4H2O3,98.057,98.000394,170,651,172,19,1,1/410,0.0,410
https://comptox.epa.gov/dashboard/chemical/details/DTXSID5024394,Acetic acid,64-19-7,QTBSBXVTEAMEQO-UHFFFAOYSA-N,Acetic acid,CC(O)=O,"InChI=1S/C2H4O2/c1-2(3)4/h1H3,(H,3,4)",C2H4O2,60.052,60.021129,272,8651,7047,2539,1,19/841,2.0,841
https://comptox.epa.gov/dashboard/chemical/details/DTXSID1034343,Arsenic(V) pentoxide,1303-28-2,COHDHYZHOPQOFD-UHFFFAOYSA-N,"3-Oxo-1lambda~5~,3lambda~5~-diarsoxane-1,1,3-trione",O=[As](=O)O[As](=O)=O,InChI=1S/As2O5/c3-1(4)7-2(5)6,As2O5,229.838,229.817763,80,9,42,26,1, ,,
https://comptox.epa.gov/dashboard/chemical/details/DTXSID5039224,Acetaldehyde,75-07-0,IKHGUXGNUITLKF-UHFFFAOYSA-N,Acetaldehyde,CC=O,"InChI=1S/C2H4O/c1-2-3/h2H,1H3",C2H4O,44.053,44.026215,242,5568,445,205,2,143/400,36.0,400
https://comptox.epa.gov/dashboard/chemical/details/DTXSID40999065,Beryllium nitrate--water (1/2/3),7787-55-5,MOVLWNALUAGFEF-UHFFFAOYSA-N,Beryllium nitrate--water (1/2/3),[Be++].O.O.O.[O-]N(=O)=O.[O-]N(=O)=O,InChI=1S/Be.2NO3.3H2O/c;2*2-1(3)4;;;/h;;;3*1H2/q+2;2*-1;;;,BeH6N2O9,187.065,187.019513,15,,13,3,5, ,,
https://comptox.epa.gov/dashboard/chemical/details/DTXSID5060140,Acetyl bromide,506-96-7,FXXACINHVKSMDR-UHFFFAOYSA-N,Acetyl bromide,CC(Br)=O,InChI=1S/C2H3BrO/c1-2(3)4/h1H3,C2H3BrO,122.949,121.936728,65,15,83,,3, ,,
https://comptox.epa.gov/dashboard/chemical/details/DTXSID4025791,2-Nitrotoluene,88-72-2,PLAZTCDQAHEYBI-UHFFFAOYSA-N,1-Methyl-2-nitrobenzene,CC1=CC=CC=C1[N+]([O-])=O,"InChI=1S/C7H7NO2/c1-6-4-2-3-5-7(6)8(9)10/h2-5H,1H3",C7H7NO2,137.138,137.047678,173,55,137,3,2,7/836,1.0,836
https://comptox.epa.gov/dashboard/chemical/details/DTXSID5020528,"2,6-Dinitrotoluene",606-20-2,XTRDKALNCIHHNI-UHFFFAOYSA-N,"2-Methyl-1,3-dinitrobenzene",CC1=C(C=CC=C1[N+]([O-])=O)[N+]([O-])=O,"InChI=1S/C7H6N2O4/c1-5-6(8(10)11)3-2-4-7(5)9(12)13/h2-4H,1H3",C7H6N2O4,182.135,182.032757,176,123,135,18,2,18/887,2.0,887
https://comptox.epa.gov/dashboard/chemical/details/DTXSID8025961,Propionic acid,79-09-4,XBDQKXXYIPTUBI-UHFFFAOYSA-N,Propanoic acid,CCC(O)=O,"InChI=1S/C3H6O2/c1-2-3(4)5/h2H2,1H3,(H,4,5)",C3H6O2,74.079,74.036779,207,1658,400,100,2,6/287,2.0,287
https://comptox.epa.gov/dashboard/chemical/details/DTXSID5023792,4-Nitrotoluene,99-99-0,ZPTVNYMJQHSSEA-UHFFFAOYSA-N,1-Methyl-4-nitrobenzene,CC1=CC=C(C=C1)[N+]([O-])=O,"InChI=1S/C7H7NO2/c1-6-2-4-7(5-3-6)8(9)10/h2-5H,1H3",C7H7NO2,137.138,137.047678,175,63,157,3,2,19/853,2.0,853
https://comptox.epa.gov/dashboard/chemical/details/DTXSID30893043,Antimony pentachloride,7647-18-9,VMPVEPPRYRXYNP-UHFFFAOYSA-I,Pentachloro-lambda~5~-stibane,Cl[Sb](Cl)(Cl)(Cl)Cl,InChI=1S/5ClH.Sb/h5*1H;/q;;;;;+5/p-5,Cl5Sb,299.01,295.748070,42,,44,2,2, ,,
https://comptox.epa.gov/dashboard/chemical/details/DTXSID4024309,Sodium cyanide,143-33-9,MNWBNISUBARLIT-UHFFFAOYSA-N,Sodium cyanide,[Na+].[C-]#N,InChI=1S/CN.Na/c1-2;/q-1;+1,CNNa,49.008,48.992843,118,881,96,70,2, ,,
https://comptox.epa.gov/dashboard/chemical/details/DTXSID1020770,Kepone,143-50-0,LHHGDZSESBACKH-UHFFFAOYSA-N,"1,1a,3,3a,4,5,5,5a,5b,6-Decachlorooctahydro-2H-1,3,4-(methanetriyl)cyclobuta[cd]pentalen-2-one",ClC12C(=O)C3(Cl)C4(Cl)C1(Cl)C1(Cl)C2(Cl)C3(Cl)C4(Cl)C1(Cl)Cl,"InChI=1S/C10Cl10O/c11-2-1(21)3(12)6(15)4(2,13)8(17)5(2,14)7(3,16)9(6,18)10(8,19)20",C10Cl10O,490.61,485.683442,165,476,68,2,2,452/1085,42.0,1085
https://comptox.epa.gov/dashboard/chemical/details/DTXSID9024065,"1,3-Dinitrobenzene",99-65-0,WDCYWAQPCXBPJA-UHFFFAOYSA-N,"1,3-Dinitrobenzene",[O-][N+](=O)C1=CC(=CC=C1)[N+]([O-])=O,InChI=1S/C6H4N2O4/c9-7(10)5-2-1-3-6(4-5)8(11)12/h1-4H,C6H4N2O4,168.108,168.017107,173,137,149,4,2,27/876,3.0,876
https://comptox.epa.gov/dashboard/chemical/details/DTXSID4024149,Hydrogen sulfide,7783-06-4,RWSOTUBLDIXVET-UHFFFAOYSA-N,,S,InChI=1S/H2S/h1H2,H2S,34.08,33.987721,133,5150,285,255,2, ,,
https://comptox.epa.gov/dashboard/chemical/details/DTXSID5029683,Sulfuric acid,7664-93-9,QAOWNCQODCNURD-UHFFFAOYSA-N,Sulfuric acid,OS(O)(=O)=O,"InChI=1S/H2O4S/c1-5(2,3)4/h(H2,1,2,3,4)",H2O4S,98.07,97.967380,193,2026,19995,3170,1,0/235,0.0,235
https://comptox.epa.gov/dashboard/chemical/details/DTXSID1020431,"1,4-Dichlorobenzene",106-46-7,OCJBOOLMMGQPQU-UHFFFAOYSA-N,"1,4-Dichlorobenzene",ClC1=CC=C(Cl)C=C1,InChI=1S/C6H4Cl2/c7-5-1-2-6(8)4-3-5/h1-4H,C6H4Cl2,147.0,145.969006,266,202,170,207,2,11/855,1.0,855
https://comptox.epa.gov/dashboard/chemical/details/DTXSID2024086,Ethion,563-12-2,RIZMRRKBZQXFOY-UHFFFAOYSA-N,"O,O,O',O'-Tetraethyl S,S'-methylene bis(phosphorodithioate)",CCOP(=S)(OCC)SCSP(=S)(OCC)OCC,"InChI=1S/C9H22O4P2S4/c1-5-10-14(16,11-6-2)18-9-19-15(17,12-7-3)13-8-4/h5-9H2,1-4H3",C9H22O4P2S4,384.46,383.987618,187,43,99,6,1,126/858,15.0,858
https://comptox.epa.gov/dashboard/chemical/details/DTXSID9041100,Potassium arsenate,7784-41-0,GVPLVOGUVQAPNJ-UHFFFAOYSA-M,Potassium dihydrogen arsorate,[K+].O[As](O)([O-])=O,"InChI=1S/AsH3O4.K/c2-1(3,4)5;/h(H3,2,3,4,5);/q;+1/p-1",AsH2KO4,180.032,179.880610,44,,34,18,1, ,,
https://comptox.epa.gov/dashboard/chemical/details/DTXSID0021387,"2-(2,4,5-Trichlorophenoxy)propionic acid",93-72-1,ZLSWBLPERHFHIS-UHFFFAOYSA-N,"2-(2,4,5-Trichlorophenoxy)propanoic acid",CC(OC1=C(Cl)C=C(Cl)C(Cl)=C1)C(O)=O,"InChI=1S/C9H7Cl3O3/c1-4(9(13)14)15-8-3-6(11)5(10)2-7(8)12/h2-4H,1H3,(H,13,14)",C9H7Cl3O3,269.5,267.946077,136,74,77,17,1,13/235,6.0,235
https://comptox.epa.gov/dashboard/chemical/details/DTXSID6029703,Ammonium thiosulfate,7783-18-8,XYXNTHIYBIDHGM-UHFFFAOYSA-N,Bisammonium sulfurothioate,[NH4+].[NH4+].[O-]S([S-])(=O)=O,"InChI=1S/2H3N.H2O3S2/c;;1-5(2,3)4/h2*1H3;(H2,1,2,3,4)",H8N2O3S2,148.2,147.997634,90,19,38,1316,2,3/235,1.0,235
https://comptox.epa.gov/dashboard/chemical/details/DTXSID5029685,Nitric acid,7697-37-2,GRYLNZFGIOXLOG-UHFFFAOYSA-N,Nitric acid,O[N+]([O-])=O,"InChI=1S/HNO3/c2-1(3)4/h(H,2,3,4)",HNO3,63.012,62.995643,130,1193,941,2132,2, ,,
https://comptox.epa.gov/dashboard/chemical/details/DTXSID1032309,"2,4-D-Butotyl",1929-73-3,ZMWGIGHRZQTQRE-UHFFFAOYSA-N,"2-Butoxyethyl (2,4-dichlorophenoxy)acetate",CCCCOCCOC(=O)COC1=C(Cl)C=C(Cl)C=C1,"InChI=1S/C14H18Cl2O4/c1-2-3-6-18-7-8-19-14(17)10-20-13-5-4-11(15)9-12(13)16/h4-5,9H,2-3,6-8,10H2,1H3",C14H18Cl2O4,321.19,320.058215,97,6,44,7,2,13/430,3.0,430
https://comptox.epa.gov/dashboard/chemical/details/DTXSID1044142,Zirconium(IV) chloride,10026-11-6,DUNKXUFBGCUVQW-UHFFFAOYSA-J,Zirconium(4+) tetrachloride,Cl[Zr](Cl)(Cl)Cl,InChI=1S/4ClH.Zr/h4*1H;/q;;;;+4/p-4,Cl4Zr,233.02,229.780110,55,28,43,2,2, ,,
https://comptox.epa.gov/dashboard/chemical/details/DTXSID60893218,Ammonium sulfide ((NH4)2S),12135-76-1,UYJXRRSPUVSSMN-UHFFFAOYSA-P,Bisammonium sulfide,[NH4+].[NH4+].[S--],InChI=1S/2H3N.S/h2*1H3;/q;;-2/p+2,H8N2S,68.14,68.040819,56,,24,16,1, ,,
https://comptox.epa.gov/dashboard/chemical/details/DTXSID1064827,Antimony trifluoride,7783-56-4,GUNJVIDCYZYFGV-UHFFFAOYSA-K,Trifluorostibane,F[Sb](F)F,InChI=1S/3FH.Sb/h3*1H;/q;;;+3/p-3,F3Sb,178.755,177.899020,35,,58,,2, ,,
https://comptox.epa.gov/dashboard/chemical/details/DTXSID70872832,Strontium chromate,7789-06-2,NVKTUNLPFJHLCG-UHFFFAOYSA-N,Strontium tetraoxidochromate(2-),[Sr++].[O-][Cr]([O-])(=O)=O,InChI=1S/Cr.4O.Sr/q;;;2*-1;+2,CrO4Sr,203.61,203.825777,65,13,38,379,1, ,,
https://comptox.epa.gov/dashboard/chemical/details/DTXSID0020444,"2,4-D isooctyl ester",25168-26-7,,,"C*.CCCCCCCOC(=O)COC1=CC=C(Cl)C=C1Cl |c:18,t:13,15,lp:9:2,11:2,13:2,18:3,21:3,m:1:3.4.5.6.7.8|",,,, ,64,6,,20,1,1/235,0.0,235
https://comptox.epa.gov/dashboard/chemical/details/DTXSID9025459,Isobutylamine,78-81-9,KDSNLYIMUZNERS-UHFFFAOYSA-N,2-Methylpropan-1-amine,CC(C)CN,"InChI=1S/C4H11N/c1-4(2)3-5/h4H,3,5H2,1-2H3",C4H11N,73.139,73.089149,100,11,125,1,2, ,,
https://comptox.epa.gov/dashboard/chemical/details/DTXSID5021388,"2,4,5-Trichlorophenoxyacetic acid",93-76-5,SMYMJHWAQXWPDB-UHFFFAOYSA-N,"(2,4,5-Trichlorophenoxy)acetic acid",OC(=O)COC1=C(Cl)C=C(Cl)C(Cl)=C1,"InChI=1S/C8H5Cl3O3/c9-4-1-6(11)7(2-5(4)10)14-3-8(12)13/h1-2H,3H2,(H,12,13)",C8H5Cl3O3,255.48,253.930427,198,808,138,17,2,26/642,4.0,642
https://comptox.epa.gov/dashboard/chemical/details/DTXSID3060457,Mercuric cyanide,592-04-1,FQGYCXFLEQVDJQ-UHFFFAOYSA-N,Bis(cyanido-kappaC)mercury,N#C[Hg]C#N,InChI=1S/2CN.Hg/c2*1-2;,C2HgN2,252.63,253.976791,45,46,47,6,2, ,,
https://comptox.epa.gov/dashboard/chemical/details/DTXSID20884763,"Zincate(3-), pentachloro-, ammonium (1:3)",14639-98-6,IYBCULKOHOEVED-UHFFFAOYSA-L,Trisammonium pentachloridozincate(3-),[NH4+].[NH4+].[NH4+].Cl[Zn-3](Cl)(Cl)(Cl)Cl,InChI=1S/5ClH.3H3N.Zn/h5*1H;3*1H3;/q;;;;;;;;+2/p-2,Cl5H12N3Zn,296.75,292.876528,24,,,,5, ,,
https://comptox.epa.gov/dashboard/chemical/details/DTXSID6065054,Trisodium phosphate decahydrate,10361-89-4,AGXLJXZOBXXTBA-UHFFFAOYSA-K,Sodium phosphate--water (3/1/10),O.O.O.O.O.O.O.O.O.O.[Na+].[Na+].[Na+].[O-]P([O-])([O-])=O,"InChI=1S/3Na.H3O4P.10H2O/c;;;1-5(2,3)4;;;;;;;;;;/h;;;(H3,1,2,3,4);10*1H2/q3*+1;;;;;;;;;;;/p-3",H20Na3O14P,344.089,344.028375,12,,18,,3, ,,
https://comptox.epa.gov/dashboard/chemical/details/DTXSID5047457,Ammonium carbonate,506-87-6,PRKQVKDSMLBJBJ-UHFFFAOYSA-N,Bisammonium carbonate,[NH4+].[NH4+].[O-]C([O-])=O,"InChI=1S/CH2O3.2H3N/c2-1(3)4;;/h(H2,2,3,4);2*1H3",CH8N2O3,96.086,96.053492,93,51,85,29,2, ,,
https://comptox.epa.gov/dashboard/chemical/details/DTXSID3023895,Barium cyanide,542-62-1,UNLSXXHOHZUADN-UHFFFAOYSA-N,Barium dicyanide,[Ba++].[C-]#N.[C-]#N,InChI=1S/2CN.Ba/c2*1-2;/q2*-1;+2,C2BaN2,189.363,189.911395,39,,18,6,2, ,,
https://comptox.epa.gov/dashboard/chemical/details/DTXSID0024268,Potassium cyanide,151-50-8,NNFCIKHAZHQZJG-UHFFFAOYSA-N,Potassium cyanide,[K+].[C-]#N,InChI=1S/CN.K/c1-2;/q-1;+1,CKN,65.116,64.966780,107,1703,92,120,2, ,,
https://comptox.epa.gov/dashboard/chemical/details/DTXSID90866339,"Butan-2-yl (2,4,5-trichlorophenoxy)acetate",61792-07-2,KOCPUBZALOBLTB-UHFFFAOYSA-N,"Butan-2-yl (2,4,5-trichlorophenoxy)acetate",CCC(C)OC(=O)COC1=CC(Cl)=C(Cl)C=C1Cl,"InChI=1/C12H13Cl3O3/c1-3-7(2)18-12(16)6-17-11-5-9(14)8(13)4-10(11)15/h4-5,7H,3,6H2,1-2H3",C12H13Cl3O3,311.58,309.993027,8,,15,,4, ,,
https://comptox.epa.gov/dashboard/chemical/details/DTXSID4041602,Ammonium benzoate,1863-63-4,VWSRWGFGAAKTQG-UHFFFAOYSA-N,Ammonium benzoate,[NH4+].[O-]C(=O)C1=CC=CC=C1,"InChI=1S/C7H6O2.H3N/c8-7(9)6-4-2-1-3-5-6;/h1-5H,(H,8,9);1H3",C7H9NO2,139.154,139.063329,61,,64,34,2, ,,
https://comptox.epa.gov/dashboard/chemical/details/DTXSID5020443,"2,4-D Butyl ester",94-80-4,UQMRAFJOBWOFNS-UHFFFAOYSA-N,"Butyl (2,4-dichlorophenoxy)acetate",CCCCOC(=O)COC1=C(Cl)C=C(Cl)C=C1,"InChI=1S/C12H14Cl2O3/c1-2-3-6-16-12(15)8-17-11-5-4-9(13)7-10(11)14/h4-5,7H,2-3,6,8H2,1H3",C12H14Cl2O3,277.14,276.032000,97,28,88,,1,10/451,2.0,451
https://comptox.epa.gov/dashboard/chemical/details/DTXSID60858807,Fenoprop-isoctyl,32534-95-5,,,,,,, ,30,,,,2, ,,
https://comptox.epa.gov/dashboard/chemical/details/DTXSID4065070,Ferric nitrate,10421-48-4,VCJMYUPGQJHHFU-UHFFFAOYSA-N,Iron(3+) trinitrate,[Fe+3].[O-][N+]([O-])=O.[O-][N+]([O-])=O.[O-][N+]([O-])=O,InChI=1S/Fe.3NO3/c;3*2-1(3)4/q+3;3*-1,FeN3O9,241.857,241.898390,60,64,33,15,3, ,,
https://comptox.epa.gov/dashboard/chemical/details/DTXSID3020679,Heptachlor,76-44-8,FRCCEHPWNOQAEU-UHFFFAOYSA-N,"1,4,5,6,7,8,8-Heptachloro-3a,4,7,7a-tetrahydro-1H-4,7-methanoindene",ClC1C=CC2C1C1(Cl)C(Cl)=C(Cl)C2(Cl)C1(Cl)Cl,"InChI=1S/C10H5Cl7/c11-4-2-1-3-5(4)9(15)7(13)6(12)8(3,14)10(9,16)17/h1-5H",C10H5Cl7,373.3,369.821094,216,408,83,52,2,312/913,34.0,913
https://comptox.epa.gov/dashboard/chemical/details/DTXSID3039242,Benzene,71-43-2,UHOVQNZJYSORNB-UHFFFAOYSA-N,Benzene,C1=CC=CC=C1,InChI=1S/C6H6/c1-2-4-6-5-3-1/h1-6H,C6H6,78.114,78.046950,268,8535,570,2988,2,1/235,0.0,235
https://comptox.epa.gov/dashboard/chemical/details/DTXSID4024359,"2,4,5-Trichlorophenol",95-95-4,LHJGJYXLEPZJPM-UHFFFAOYSA-N,"2,4,5-Trichlorophenol",OC1=C(Cl)C=C(Cl)C(Cl)=C1,"InChI=1S/C6H3Cl3O/c7-3-1-5(9)6(10)2-4(3)8/h1-2,10H",C6H3Cl3O,197.44,195.924948,184,201,145,18,1,204/942,22.0,942
https://comptox.epa.gov/dashboard/chemical/details/DTXSID1027263,Pentyl acetate,628-63-7,PGMYKACGEOXYJE-UHFFFAOYSA-N,Pentyl acetate,CCCCCOC(C)=O,"InChI=1S/C7H14O2/c1-3-4-5-6-9-7(2)8/h3-6H2,1-2H3",C7H14O2,130.187,130.099380,181,120,118,1389,2,39/841,5.0,841
https://comptox.epa.gov/dashboard/chemical/details/DTXSID5025948,Potassium dichromate,7778-50-9,KMUONIBRACKNSN-UHFFFAOYSA-N,Dipotassium mu-oxido(hexaoxido)dichromate(4-),[K+].[K+].[O-][Cr](=O)(=O)O[Cr]([O-])(=O)=O,InChI=1S/2Cr.2K.7O/q;;2*+1;;;;;;2*-1,Cr2K2O7,294.182,293.772827,115,763,116,176,2,116/235,49.0,235
https://comptox.epa.gov/dashboard/chemical/details/DTXSID20890642,"Sulfuric acid, chromium(3+) salt (3:2)",10101-53-8,GRWVQDDAKZFPFI-UHFFFAOYSA-H,Chromium(3+) sulfate (2/3),[Cr+3].[Cr+3].[O-]S([O-])(=O)=O.[O-]S([O-])(=O)=O.[O-]S([O-])(=O)=O,"InChI=1S/2Cr.3H2O4S/c;;3*1-5(2,3)4/h;;3*(H2,1,2,3,4)/q2*+3;;;/p-6",Cr2O12S3,392.16,391.736201,44,,40,2,5, ,,
https://comptox.epa.gov/dashboard/chemical/details/DTXSID5026207,"2,3,4-Trichlorophenol",15950-66-0,HSQFVBWFPBKHEB-UHFFFAOYSA-N,"2,3,4-Trichlorophenol",OC1=CC=C(Cl)C(Cl)=C1Cl,"InChI=1S/C6H3Cl3O/c7-3-1-2-4(10)6(9)5(3)8/h1-2,10H",C6H3Cl3O,197.44,195.924948,75,4,84,,2,40/235,17.0,235
https://comptox.epa.gov/dashboard/chemical/details/DTXSID0049650,Isopropanolamine dodecylbenzene,42504-46-1,BUYGZEAOFCSTDO-UHFFFAOYSA-N,1-Aminopropan-2-ol--dodecylbenzene (1/1),CC(O)CN.CCCCCCCCCCCCC1=CC=CC=C1,"InChI=1S/C18H30.C3H9NO/c1-2-3-4-5-6-7-8-9-10-12-15-18-16-13-11-14-17-18;1-3(5)2-4/h11,13-14,16-17H,2-10,12,15H2,1H3;3,5H,2,4H2,1H3",C21H39NO,321.549,321.303165,27,,1,3,2, ,,
https://comptox.epa.gov/dashboard/chemical/details/DTXSID6023600,Strychnine,57-24-9,QMGVPVSNSZLJIA-FVWCLLPLSA-N,(19S)-Strychnidin-10-one,[H][C@]12C[C@@]3([H])C4=CCO[C@@]5([H])CC(=O)N6C7=C(C=CC=C7)[C@@]1(CCN2C4)[C@]6([H])[C@@]35[H],"InChI=1S/C21H22N2O2/c24-18-10-16-19-13-9-17-21(6-7-22(17)11-12(13)5-8-25-16)14-3-1-2-4-15(14)23(18)20(19)21/h1-5,13,16-17,19-20H,6-11H2/t13-,16-,17-,19-,20-,21+/m0/s1",C21H22N2O2,334.419,334.168128,156,4448,104,7,1,5/251,2.0,251
https://comptox.epa.gov/dashboard/chemical/details/DTXSID0020448,"1,2-Dichloropropane",78-87-5,KNKRKFALVUDBJE-UHFFFAOYSA-N,"1,2-Dichloropropane",CC(Cl)CCl,"InChI=1S/C3H6Cl2/c1-3(5)2-4/h3H,2H2,1H3",C3H6Cl2,112.98,111.984656,216,74,114,44,1,0/235,0.0,235
https://comptox.epa.gov/dashboard/chemical/details/DTXSID50884938,"Silicate(2-), hexafluoro-, zinc (1:1)",16871-71-9,IRPUQLOSQCXHEW-UHFFFAOYSA-N,Zinc hexafluoridosilicate(2-),[Zn++].F[Si--](F)(F)(F)(F)F,"InChI=1S/F6Si.Zn/c1-7(2,3,4,5)6;/q-2;+2",F6SiZn,207.46,205.896488,39,,24,8,5, ,,
https://comptox.epa.gov/dashboard/chemical/details/DTXSID90892315,Ammonium tetrachlorozincate,14639-97-5,QOQUXKCHSZSKOT-UHFFFAOYSA-L,Ammonium zinc chloride (2/1/4),[NH4+].[NH4+].[Cl-].[Cl-].[Cl-].[Cl-].[Zn++],InChI=1S/4ClH.2H3N.Zn/h4*1H;2*1H3;/q;;;;;;+2/p-2,Cl4H8N2Zn,243.26,239.873301,31,,5,,1, ,,
https://comptox.epa.gov/dashboard/chemical/details/DTXSID8020040,Aldrin,309-00-2,QBYJBZPUGVGKQQ-SJJAEHHWSA-N,"(1R,4S,4aS,5S,8R,8aR)-1,2,3,4,10,10-Hexachloro-1,4,4a,5,8,8a-hexahydro-1,4:5,8-dimethanonaphthalene",ClC1=C(Cl)[C@]2(Cl)[C@@H]3[C@@H]4C[C@@H](C=C4)[C@@H]3[C@@]1(Cl)C2(Cl)Cl,"InChI=1S/C12H8Cl6/c13-8-9(14)11(16)7-5-2-1-4(3-5)6(7)10(8,15)12(11,17)18/h1-2,4-7H,3H2/t4-,5+,6+,7-,10+,11-",C12H8Cl6,364.9,361.875717,192,556,48,40,1,257/904,28.0,904
https://comptox.epa.gov/dashboard/chemical/details/DTXSID0058481,"Dichloro-1-propene, mixt. with 1,2-dichloropropane",8003-19-8,,,,,,, ,33,8,,,1, ,,
https://comptox.epa.gov/dashboard/chemical/details/DTXSID7025683,Methylamine,74-89-5,BAVYZALUXZFZLV-UHFFFAOYSA-N,Methanamine,CN,"InChI=1S/CH5N/c1-2/h2H2,1H3",CH5N,31.058,31.042199,136,10900,152,4,2, ,,
https://comptox.epa.gov/dashboard/chemical/details/DTXSID7040316,Nickel chloride,7718-54-9,QMMRZOWCJAIUJA-UHFFFAOYSA-L,Nickel(2+) dichloride,[Cl-].[Cl-].[Ni++],InChI=1S/2ClH.Ni/h2*1H;/q;;+2/p-2,Cl2Ni,129.59,127.873047,100,680,25,33,2,17/403,4.0,403
https://comptox.epa.gov/dashboard/chemical/details/DTXSID2021575,Dalapon,75-99-0,NDUPDOJHUQKPAG-UHFFFAOYSA-N,"2,2-Dichloropropanoic acid",CC(Cl)(Cl)C(O)=O,"InChI=1S/C3H4Cl2O2/c1-3(4,5)2(6)7/h1H3,(H,6,7)",C3H4Cl2O2,142.96,141.958835,151,12,92,14,2,3/849,0.0,849
https://comptox.epa.gov/dashboard/chemical/details/DTXSID0020529,"2,4-Dinitrotoluene",121-14-2,RMBFBMJGBANMMK-UHFFFAOYSA-N,"1-Methyl-2,4-dinitrobenzene",CC1=C(C=C(C=C1)[N+]([O-])=O)[N+]([O-])=O,"InChI=1S/C7H6N2O4/c1-5-2-3-6(8(10)11)4-7(5)9(12)13/h2-4H,1H3",C7H6N2O4,182.135,182.032757,198,379,134,37,1,32/890,4.0,890
https://comptox.epa.gov/dashboard/chemical/details/DTXSID2032683,Mevinphos,7786-34-7,GEPDYQSQVLXLEU-UHFFFAOYSA-N,Methyl 3-[(dimethoxyphosphoryl)oxy]but-2-enoate,COC(=O)C=C(C)OP(=O)(OC)OC,"InChI=1S/C7H13O6P/c1-6(5-7(8)10-2)13-14(9,11-3)12-4/h5H,1-4H3",C7H13O6P,224.149,224.044975,150,97,22,5,1,47/929,5.0,929
https://comptox.epa.gov/dashboard/chemical/details/DTXSID501014962,Dioxobis(stearato)dilead,56189-09-4,,,,,,, ,17,,,1,1, ,,
https://comptox.epa.gov/dashboard/chemical/details/DTXSID8021808,o-Cresol,95-48-7,QWVGKYWNOKOFNN-UHFFFAOYSA-N,2-Methylphenol,CC1=C(O)C=CC=C1,"InChI=1S/C7H8O/c1-6-4-2-3-5-7(6)8/h2-5,8H,1H3",C7H8O,108.14,108.057515,219,184,232,74,1,18/841,2.0,841
https://comptox.epa.gov/dashboard/chemical/details/DTXSID8027240,"3,4-Dinitrotoluene",610-39-9,INYDMNPNDHRJQJ-UHFFFAOYSA-N,"4-Methyl-1,2-dinitrobenzene",CC1=CC=C(C(=C1)[N+]([O-])=O)[N+]([O-])=O,"InChI=1S/C7H6N2O4/c1-5-2-3-6(8(10)11)7(4-5)9(12)13/h2-4H,1H3",C7H6N2O4,182.135,182.032757,122,4,88,2,2,142/644,22.0,644
https://comptox.epa.gov/dashboard/chemical/details/DTXSID7040449,Copper(II) chloride,7447-39-4,ORTQZVOHEJQUHG-UHFFFAOYSA-L,Copper(2+) dichloride,[Cl-].[Cl-].[Cu++],InChI=1S/2ClH.Cu/h2*1H;/q;;+2/p-2,Cl2Cu,134.45,132.867303,89,595,26,29,2,30/235,13.0,235
https://comptox.epa.gov/dashboard/chemical/details/DTXSID8025678,Ethanamine,75-04-7,QUSNBJAOOMFDIB-UHFFFAOYSA-N,Ethanamine,CCN,"InChI=1S/C2H7N/c1-2-3/h2-3H2,1H3",C2H7N,45.085,45.057849,134,133,207,8,2, ,,
https://comptox.epa.gov/dashboard/chemical/details/DTXSID3064271,"2,4,5-T dimethylamine salt",6369-97-7,KDKIQPRSLMHYNN-UHFFFAOYSA-N,"N-Methylmethanaminium (2,4,5-trichlorophenoxy)acetate",C[NH2+]C.[O-]C(=O)COC1=C(Cl)C=C(Cl)C(Cl)=C1,"InChI=1S/C8H5Cl3O3.C2H7N/c9-4-1-6(11)7(2-5(4)10)14-3-8(12)13;1-3-2/h1-2H,3H2,(H,12,13);3H,1-2H3",C10H12Cl3NO3,300.56,298.988276,24,,12,,3, ,,
https://comptox.epa.gov/dashboard/chemical/details/DTXSID0040125,Chromium trioxide,1333-82-0,WGLPBDUCMAPZCE-UHFFFAOYSA-N,Tris(oxido)chromium,O=[Cr](=O)=O,InChI=1S/Cr.3O,CrO3,99.993,99.925250,90,63,85,392,1, ,,
https://comptox.epa.gov/dashboard/chemical/details/DTXSID0024395,Acetic anhydride,108-24-7,WFDIJRYMOXRFFG-UHFFFAOYSA-N,Acetic anhydride,CC(=O)OC(C)=O,InChI=1S/C4H6O3/c1-3(5)7-4(2)6/h1-2H3,C4H6O3,102.089,102.031694,152,282,328,28,2,2/235,1.0,235
https://comptox.epa.gov/dashboard/chemical/details/DTXSID0024260,Phosgene,75-44-5,YGYAWVDWMABLBF-UHFFFAOYSA-N,Carbonyl dichloride,ClC(Cl)=O,InChI=1S/CCl2O/c2-1(3)4,CCl2O,98.91,97.932620,120,489,60,4,1, ,,
https://comptox.epa.gov/dashboard/chemical/details/DTXSID90890513,"Thiocyanic acid, lead(2+) salt (2:1)",592-87-0,VRNINGUKUJWZTH-UHFFFAOYSA-L,,[Pb++].[S-]C#N.[S-]C#N,InChI=1S/2CHNS.Pb/c2*2-1-3;/h2*3H;/q;;+2/p-2,C2N2PbS2,323.4,323.926943,34,,20,3,5, ,,
https://comptox.epa.gov/dashboard/chemical/details/DTXSID1024336,Thallium (I) sulfate,7446-18-6,YTQVHRVITVLIRD-UHFFFAOYSA-L,Dithallium(1+) sulfate,[Tl+].[Tl+].[O-]S([O-])(=O)=O,"InChI=1S/H2O4S.2Tl/c1-5(2,3)4;;/h(H2,1,2,3,4);;/q;2*+1/p-2",O4STl2,504.82,505.900586,70,34,45,1,1, ,,
https://comptox.epa.gov/dashboard/chemical/details/DTXSID5029631,Calcium oxide,1305-78-8,BRPQOXSCLDDYGP-UHFFFAOYSA-N,(Oxido)calcium,[O--].[Ca++],InChI=1S/Ca.O/q+2;-2,CaO,56.077,55.957506,134,1328,68,1469,2, ,,
https://comptox.epa.gov/dashboard/chemical/details/DTXSID3020596,Ethylbenzene,100-41-4,YNQLUTRBYVCPMQ-UHFFFAOYSA-N,Ethylbenzene,CCC1=CC=CC=C1,"InChI=1S/C8H10/c1-2-8-6-4-3-5-7-8/h3-7H,2H2,1H3",C8H10,106.168,106.078250,274,686,241,5918,1,1/235,0.0,235
https://comptox.epa.gov/dashboard/chemical/details/DTXSID4044161,Antimony trichloride,10025-91-9,FAPDDOBMIUGHIN-UHFFFAOYSA-K,Trichlorostibane,Cl[Sb](Cl)Cl,InChI=1S/3ClH.Sb/h3*1H;/q;;;+3/p-3,Cl3Sb,228.11,225.810370,96,27,85,17,2,67/406,17.0,406
https://comptox.epa.gov/dashboard/chemical/details/DTXSID00883592,"Butanedioic acid, 2,3-dihydroxy- (2R,3R)-, copper(2+) salt (1:1)",815-82-7,RSJOBNMOMQFPKQ-ZVGUSBNCSA-L,"Copper(2+) (2R,3R)-2,3-dihydroxybutanedioate",[Cu++].O[C@H]([C@@H](O)C([O-])=O)C([O-])=O,"InChI=1S/C4H6O6.Cu/c5-1(3(7)8)2(6)4(9)10;/h1-2,5-6H,(H,7,8)(H,9,10);/q;+2/p-2/t1-,2-;/m1./s1",C4H4CuO6,211.616,210.930386,26,,27,2,5, ,,
https://comptox.epa.gov/dashboard/chemical/details/DTXSID8024864,Crotonaldehyde,4170-30-3,MLUCVPSAIODCQM-UHFFFAOYSA-N,But-2-enal,CC=CC=O,"InChI=1S/C4H6O/c1-2-3-4-5/h2-4H,1H3",C4H6O,70.091,70.041865,126,172,41,4,1,0/235,0.0,235
https://comptox.epa.gov/dashboard/chemical/details/DTXSID8020250,Carbon tetrachloride,56-23-5,VZGDMQKNWNREIO-UHFFFAOYSA-N,Tetrachloromethane,ClC(Cl)(Cl)Cl,"InChI=1S/CCl4/c2-1(3,4)5",CCl4,153.81,151.875411,239,11059,114,233,2,1/235,0.0,235
https://comptox.epa.gov/dashboard/chemical/details/DTXSID2023806,Vanadium oxide (V2O5),1314-62-1,,,,,,, ,117,241,,357,1, ,,
https://comptox.epa.gov/dashboard/chemical/details/DTXSID3024366,Triethylamine,121-44-8,ZMANZCXQSJIPKH-UHFFFAOYSA-N,"N,N-Diethylethanamine",CCN(CC)CC,"InChI=1S/C6H15N/c1-4-7(5-2)6-3/h4-6H2,1-3H3",C6H15N,101.193,101.120449,198,368,819,244,1,15/405,4.0,405
https://comptox.epa.gov/dashboard/chemical/details/DTXSID5027932,Dodecylbenzene sulfonate triethanolamine(1:1),27323-41-7,,,,,,, ,86,,,35,1,198/968,20.0,968
https://comptox.epa.gov/dashboard/chemical/details/DTXSID2064991,Ammonium sulfite,10196-04-0,PQUCIEFHOVEZAU-UHFFFAOYSA-N,Bisammonium sulfite,[NH4+].[NH4+].[O-]S([O-])=O,"InChI=1S/2H3N.H2O3S/c;;1-4(2)3/h2*1H3;(H2,1,2,3)",H8N2O3S,116.14,116.025563,68,8,26,424,3, ,,
https://comptox.epa.gov/dashboard/chemical/details/DTXSID00891738,Dichloro-1-propene,26952-23-8,,,,,,, ,30,,,,1, ,,
https://comptox.epa.gov/dashboard/chemical/details/DTXSID8034455,Chromic(VI) acid,7738-94-5,KRVSOGSZCMJSLX-UHFFFAOYSA-L,Dihydroxido[bis(oxido)]chromium,O[Cr](O)(=O)=O,InChI=1S/Cr.2H2O.2O/h;2*1H2;;/q+2;;;;/p-2,CrH2O4,118.008,117.935815,76,,51,103,1, ,,
https://comptox.epa.gov/dashboard/chemical/details/DTXSID90274011,Nickel hydroxide (Ni(OH)2),12054-48-7,BFDHFSHZJLFAMC-UHFFFAOYSA-L,Nickel(2+) dihydroxide,[OH-].[OH-].[Ni++],InChI=1S/Ni.2H2O/h;2*1H2/q+2;;/p-2,H2NiO2,92.707,91.940821,82,57,39,504,1, ,,
https://comptox.epa.gov/dashboard/chemical/details/DTXSID2035223,Trisodium phosphate,7601-54-9,RYFMWSXOAZQYPI-UHFFFAOYSA-K,Trisodium phosphate,[Na+].[Na+].[Na+].[O-]P([O-])([O-])=O,"InChI=1S/3Na.H3O4P/c;;;1-5(2,3)4/h;;;(H3,1,2,3,4)/q3*+1;/p-3",Na3O4P,163.939,163.922728,119,1199,94,500,2, ,,
https://comptox.epa.gov/dashboard/chemical/details/DTXSID7052789,Sodium trimetaphosphate,7785-84-4,UGTZMIPZNRIWHX-UHFFFAOYSA-K,"Trisodium 2,4,6-trioxo-1,3,5,2lambda~5~,4lambda~5~,6lambda~5~-trioxatriphosphinane-2,4,6-tris(olate)",[Na+].[Na+].[Na+].[O-]P1(=O)OP([O-])(=O)OP([O-])(=O)O1,"InChI=1S/3Na.H3O9P3/c;;;1-10(2)7-11(3,4)9-12(5,6)8-10/h;;;(H,1,2)(H,3,4)(H,5,6)/q3*+1;/p-3",Na3O9P3,305.882,305.844825,65,72,45,5,2, ,,
https://comptox.epa.gov/dashboard/chemical/details/DTXSID2020844,Methyl methacrylate,80-62-6,VVQNEPGJFQJSBK-UHFFFAOYSA-N,Methyl 2-methylprop-2-enoate,COC(=O)C(C)=C,"InChI=1S/C5H8O2/c1-4(2)5(6)7-3/h1H2,2-3H3",C5H8O2,100.117,100.052429,220,1727,157,491,1,1/235,0.0,235
https://comptox.epa.gov/dashboard/chemical/details/DTXSID00893979,Dipotassium hexafluorozirconate(2-),16923-95-8,BJZIJOLEWHWTJO-UHFFFAOYSA-H,,[K+].[K+].[F-][Zr+4]([F-])([F-])([F-])([F-])[F-],InChI=1S/6FH.2K.Zr/h6*1H;;;/q;;;;;;2*+1;+4/p-6,F6K2Zr,283.411,281.822530,43,,,27,1, ,,
https://comptox.epa.gov/dashboard/chemical/details/DTXSID1021790,2-Nitrophenol,88-75-5,IQUPABOKLQSFBK-UHFFFAOYSA-N,2-Nitrophenol,OC1=C(C=CC=C1)[N+]([O-])=O,"InChI=1S/C6H5NO3/c8-6-4-2-1-3-5(6)7(9)10/h1-4,8H",C6H5NO3,139.11,139.026943,174,84,189,16,2,6/433,1.0,433
https://comptox.epa.gov/dashboard/chemical/details/DTXSID4026399,Calcium carbide (CaC2),75-20-7,UIXRSLJINYRGFQ-UHFFFAOYSA-N,Calcium ethynediide,[Ca++].[C-]#[C-],InChI=1S/C2.Ca/c1-2;/q-2;+2,C2Ca,64.1,63.962591,70,28,,30,2, ,,
https://comptox.epa.gov/dashboard/chemical/details/DTXSID6024200,m-Cresol,108-39-4,RLSSMJSEOOYNOY-UHFFFAOYSA-N,3-Methylphenol,CC1=CC(O)=CC=C1,"InChI=1S/C7H8O/c1-6-3-2-4-7(8)5-6/h2-5,8H,1H3",C7H8O,108.14,108.057515,201,525,198,39,2,5/438,1.0,438
https://comptox.epa.gov/dashboard/chemical/details/DTXSID0064969,Disodium phosphate hydrate,10140-65-5,LVXHNCUCBXIIPE-UHFFFAOYSA-L,Sodium hydrogen phosphate--water (2/1/1),O.[Na+].[Na+].OP([O-])([O-])=O,"InChI=1S/2Na.H3O4P.H2O/c;;1-5(2,3)4;/h;;(H3,1,2,3,4);1H2/q2*+1;;/p-2",H3Na2O5P,159.972,159.951349,19,,24,,3, ,,
https://comptox.epa.gov/dashboard/chemical/details/DTXSID1020306,Chloroform,67-66-3,HEDRZPFGACZZDS-UHFFFAOYSA-N,Trichloromethane,ClC(Cl)Cl,InChI=1S/CHCl3/c2-1(3)4/h1H,CHCl3,119.37,117.914383,257,6098,356,292,1,13/235,6.0,235
https://comptox.epa.gov/dashboard/chemical/details/DTXSID2064072,Ammonium bioxalate monohydrate,5972-73-6,JRWKBXBBNURFHV-UHFFFAOYSA-N,Oxalic acid--ammonia--water (1/1/1),N.O.OC(=O)C(O)=O,"InChI=1S/C2H2O4.H3N.H2O/c3-1(4)2(5)6;;/h(H,3,4)(H,5,6);1H3;1H2",C2H7NO5,125.08,125.032422,12,,14,,3, ,,
https://comptox.epa.gov/dashboard/chemical/details/DTXSID4020791,Malathion,121-75-5,JXSJBGJIGXNWCI-UHFFFAOYSA-N,Diethyl 2-[(dimethoxyphosphorothioyl)sulfanyl]butanedioate,CCOC(=O)CC(SP(=S)(OC)OC)C(=O)OCC,"InChI=1S/C10H19O6PS2/c1-5-15-9(11)7-8(10(12)16-6-2)19-17(18,13-3)14-4/h8H,5-7H2,1-4H3",C10H19O6PS2,330.35,330.036068,250,2028,157,72,1,153/1086,14.0,1086
https://comptox.epa.gov/dashboard/chemical/details/DTXSID5029712,Ferric sulfate,10028-22-5,RUTXIHLAWFEWGM-UHFFFAOYSA-H,Iron(3+) sulfate (2/3),[Fe+3].[Fe+3].[O-]S([O-])(=O)=O.[O-]S([O-])(=O)=O.[O-]S([O-])(=O)=O,"InChI=1S/2Fe.3H2O4S/c;;3*1-5(2,3)4/h;;3*(H2,1,2,3,4)/q2*+3;;;/p-6",Fe2O12S3,399.86,399.725061,89,356,63,30,2, ,,
https://comptox.epa.gov/dashboard/chemical/details/DTXSID6091556,Uranyl nitrate,36478-76-9,,,,,,, ,24,331,,,1, ,,
https://comptox.epa.gov/dashboard/chemical/details/DTXSID6034479,Copper sulfate,7758-98-7,ARUVKPQLZAKDPS-UHFFFAOYSA-L,Copper(2+) sulfate,[Cu++].[O-]S([O-])(=O)=O,"InChI=1S/Cu.H2O4S/c;1-5(2,3)4/h;(H2,1,2,3,4)/q+2;/p-2",CuO4S,159.6,158.881328,126,1897,137,163,1, ,,
https://comptox.epa.gov/dashboard/chemical/details/DTXSID6050463,Ammonium fluoride,12125-01-8,LDDQLRUQCUTJBB-UHFFFAOYSA-N,Ammonium fluoride,[NH4+].[F-],InChI=1S/FH.H3N/h1H;1H3,FH4N,37.037,37.032777,67,92,55,56,2, ,,
https://comptox.epa.gov/dashboard/chemical/details/DTXSID8064858,Potassium chromate(VI),7789-00-6,XMXNVYPJWBTAHN-UHFFFAOYSA-N,Dipotassium tetraoxidochromate(2-),[K+].[K+].[O-][Cr]([O-])(=O)=O,InChI=1S/Cr.2K.4O/q;2*+1;;;2*-1,CrK2O4,194.189,193.847577,73,149,73,74,3, ,,
https://comptox.epa.gov/dashboard/chemical/details/DTXSID5029633,Potassium hydroxide,1310-58-3,KWYUFKZDYYNOTN-UHFFFAOYSA-M,Potassium hydroxide,[OH-].[K+],InChI=1S/K.H2O/h;1H2/q+1;/p-1,HKO,56.105,55.966446,167,818,253,4058,2, ,,
https://comptox.epa.gov/dashboard/chemical/details/DTXSID2026238,Trimethylamine,75-50-3,GETQZCLCWQTVFV-UHFFFAOYSA-N,"N,N-Dimethylmethanamine",CN(C)C,InChI=1S/C3H9N/c1-4(2)3/h1-3H3,C3H9N,59.112,59.073499,163,596,275,4,2,2/430,0.0,430
https://comptox.epa.gov/dashboard/chemical/details/DTXSID7020974,Nitrogen dioxide,10102-44-0,JCXJVPUVTGWSNB-UHFFFAOYSA-N,Nitrosooxidanyl,[O]N=O,InChI=1S/NO2/c2-1-3,NO2,46.005,45.992903,93,3914,21,38,1, ,,
https://comptox.epa.gov/dashboard/chemical/details/DTXSID00883416,(2S)-2-Butanamine,513-49-5,BHRZNVHARXXAHW-BYPYZUCNSA-N,(2S)-Butan-2-amine,CC[C@H](C)N,"InChI=1S/C4H11N/c1-3-4(2)5/h4H,3,5H2,1-2H3/t4-/m0/s1",C4H11N,73.139,73.089149,34,,65,,1, ,,
https://comptox.epa.gov/dashboard/chemical/details/DTXSID1027007,Propanoic anhydride,123-62-6,WYVAMUWZEOHJOQ-UHFFFAOYSA-N,Propanoic anhydride,CCC(=O)OC(=O)CC,"InChI=1S/C6H10O3/c1-3-5(7)9-6(8)4-2/h3-4H2,1-2H3",C6H10O3,130.143,130.062994,103,14,102,2,2,0/235,0.0,235
https://comptox.epa.gov/dashboard/chemical/details/DTXSID7026075,"2,4,5-T isooctyl ester",25168-15-4,,,"C*.CCCCCCCOC(=O)COC1=C(Cl)C=C(Cl)C(Cl)=C1 |c:13,20,t:16,lp:9:2,11:2,13:2,16:3,19:3,21:3,m:1:3.4.5.6.7.8|",,,, ,38,1,,1,1, ,,
https://comptox.epa.gov/dashboard/chemical/details/DTXSID5049817,Zinc carbonate,3486-35-9,FMRLDPWIRHBCCC-UHFFFAOYSA-L,Zinc carbonate,[Zn++].[O-]C([O-])=O,"InChI=1S/CH2O3.Zn/c2-1(3)4;/h(H2,2,3,4);/q;+2/p-2",CO3Zn,125.39,123.913886,76,52,32,25,2, ,,
https://comptox.epa.gov/dashboard/chemical/details/DTXSID3042427,Sulfur monochloride,10025-67-9,PXJJSXABGXMUSU-UHFFFAOYSA-N,,ClSSCl,InChI=1S/Cl2S2/c1-3-4-2,Cl2S2,135.02,133.881848,80,8,39,2,1, ,,
https://comptox.epa.gov/dashboard/chemical/details/DTXSID0020442,"2,4-Dichlorophenoxyacetic acid",94-75-7,OVSKIKFHRZPJSS-UHFFFAOYSA-N,"(2,4-Dichlorophenoxy)acetic acid",OC(=O)COC1=C(Cl)C=C(Cl)C=C1,"InChI=1S/C8H6Cl2O3/c9-5-1-2-7(6(10)3-5)13-4-8(11)12/h1-3H,4H2,(H,11,12)",C8H6Cl2O3,221.03,219.969400,257,2614,216,93,1,39/969,4.0,969
https://comptox.epa.gov/dashboard/chemical/details/DTXSID2064814,Sodium selenite (NaHSeO3),7782-82-3,OHYAUPVXSYITQV-UHFFFAOYSA-M,Sodium hydrogen selenite,[Na+].O[Se]([O-])=O,"InChI=1S/Na.H2O3Se/c;1-4(2)3/h;(H2,1,2,3)/q+1;/p-1",HNaO3Se,150.966,151.898860,23,1619,35,,3, ,,
https://comptox.epa.gov/dashboard/chemical/details/DTXSID1022055,tert-Butyl acetate,540-88-5,WMOVHXAZOJBABW-UHFFFAOYSA-N,tert-Butyl acetate,CC(=O)OC(C)(C)C,"InChI=1S/C6H12O2/c1-5(7)8-6(2,3)4/h1-4H3",C6H12O2,116.16,116.083730,151,17,109,12,2,2/428,0.0,428
https://comptox.epa.gov/dashboard/chemical/details/DTXSID3029653,"Thiocyanic acid, ammonium salt",1762-95-4,SOIFLUNRINLCBN-UHFFFAOYSA-N,Ammonium thiocyanate,[NH4+].[S-]C#N,InChI=1S/CHNS.H3N/c2-1-3;/h3H;1H3,CH4N2S,76.12,76.009519,103,60,105,150,2,8/442,2.0,442
https://comptox.epa.gov/dashboard/chemical/details/DTXSID50873983,Beryllium fluoride,7787-49-7,JZKFIPKXQBZXMW-UHFFFAOYSA-L,Beryllium difluoride,F[Be]F,InChI=1S/Be.2FH/h;2*1H/q+2;;/p-2,BeF2,47.0089894,47.008989,39,,30,,1, ,,
https://comptox.epa.gov/dashboard/chemical/details/DTXSID1049641,Hydrogen fluoride,7664-39-3,KRHYYFGTRYWZRS-UHFFFAOYSA-N,Hydrogen fluoride,F,InChI=1S/FH/h1H,FH,20.006,20.006228,116,1263,178,444,1, ,,
https://comptox.epa.gov/dashboard/chemical/details/DTXSID1047522,Sodium hexametaphosphate,10124-56-8,GCLGEJMYGQKIIW-UHFFFAOYSA-H,"Hexasodium 2,4,6,8,10,12-hexaoxo-2lambda~5~,4lambda~5~,6lambda~5~,8lambda~5~,10lambda~5~,12lambda~5~-cyclohexaphosphoxane-2,4,6,8,10,12-hexakis(olate)",[Na+].[Na+].[Na+].[Na+].[Na+].[Na+].[O-]P1(=O)OP([O-])(=O)OP([O-])(=O)OP([O-])(=O)OP([O-])(=O)OP([O-])(=O)O1,"InChI=1S/6Na.H6O18P6/c;;;;;;1-19(2)13-20(3,4)15-22(7,8)17-24(11,12)18-23(9,10)16-21(5,6)14-19/h;;;;;;(H,1,2)(H,3,4)(H,5,6)(H,7,8)(H,9,10)(H,11,12)/q6*+1;/p-6",Na6O18P6,611.763,611.689651,95,141,25,136,1, ,,
https://comptox.epa.gov/dashboard/chemical/details/DTXSID60916714,"Butan-2-yl (2,4-dichlorophenoxy)acetate",94-79-1,PVVPYVMHXYPBQZ-UHFFFAOYSA-N,"Butan-2-yl (2,4-dichlorophenoxy)acetate",CCC(C)OC(=O)COC1=C(Cl)C=C(Cl)C=C1,"InChI=1S/C12H14Cl2O3/c1-3-8(2)17-12(15)7-16-11-5-4-9(13)6-10(11)14/h4-6,8H,3,7H2,1-2H3",C12H14Cl2O3,277.14,276.032000,8,,14,,5, ,,
https://comptox.epa.gov/dashboard/chemical/details/DTXSID2021284,Styrene,100-42-5,PPBRXRYQALVLMV-UHFFFAOYSA-N,Ethenylbenzene,C=CC1=CC=CC=C1,"InChI=1S/C8H8/c1-2-8-6-4-3-5-7-8/h2-7H,1H2",C8H8,104.152,104.062600,276,1679,317,1422,1,1/235,0.0,235
https://comptox.epa.gov/dashboard/chemical/details/DTXSID5020023,Acrolein,107-02-8,HGINCPLSRVDWNT-UHFFFAOYSA-N,Prop-2-enal,C=CC=O,"InChI=1S/C3H4O/c1-2-3-4/h2-3H,1H2",C3H4O,56.064,56.026215,227,2468,139,15,2,2/235,1.0,235
https://comptox.epa.gov/dashboard/chemical/details/DTXSID9026631,Benzoyl chloride,98-88-4,PASDCCFISLVPSO-UHFFFAOYSA-N,Benzoyl chloride,ClC(=O)C1=CC=CC=C1,InChI=1S/C7H5ClO/c8-7(9)6-4-2-1-3-5-6/h1-5H,C7H5ClO,140.57,140.002893,130,60,190,25,2,1/235,0.0,235
https://comptox.epa.gov/dashboard/chemical/details/DTXSID2020688,Hexachlorocyclopentadiene,77-47-4,VUNCWTMEJYMOOR-UHFFFAOYSA-N,"1,2,3,4,5,5-Hexachlorocyclopenta-1,3-diene",ClC1=C(Cl)C(Cl)(Cl)C(Cl)=C1Cl,"InChI=1S/C5Cl6/c6-1-2(7)4(9)5(10,11)3(1)8",C5Cl6,272.76,269.813116,194,29,85,29,2,199/882,23.0,882
https://comptox.epa.gov/dashboard/chemical/details/DTXSID6032308,"2,4-D 2-butoxymethylethyl ester",1320-18-9,,,,,,, ,35,1,,,1, ,,
https://comptox.epa.gov/dashboard/chemical/details/DTXSID7040314,Copper nitrate,3251-23-8,XTVVROIMIGLXTD-UHFFFAOYSA-N,Copper(2+) dinitrate,[Cu++].[O-][N+]([O-])=O.[O-][N+]([O-])=O,InChI=1S/Cu.2NO3/c;2*2-1(3)4/q+2;2*-1,CuN2O6,187.554,186.905234,80,37,56,36,2, ,,
https://comptox.epa.gov/dashboard/chemical/details/DTXSID8059180,Cyclohexanecarboxylic acid,98-89-5,NZNMSOFKMUBTKW-UHFFFAOYSA-N,Cyclohexanecarboxylic acid,OC(=O)C1CCCCC1,"InChI=1S/C7H12O2/c8-7(9)6-4-2-1-3-5-6/h6H,1-5H2,(H,8,9)",C7H12O2,128.171,128.083730,95,259,169,1,3, ,,
https://comptox.epa.gov/dashboard/chemical/details/DTXSID101011011,"Octadecanoic acid, lead salt (1:?)",7428-48-0,,,,,,, ,27,,,8,5, ,,
https://comptox.epa.gov/dashboard/chemical/details/DTXSID6020143,Benzoic acid,65-85-0,WPYMKLBDIGXBTP-UHFFFAOYSA-N,Benzoic acid,OC(=O)C1=CC=CC=C1,"InChI=1S/C7H6O2/c8-7(9)6-4-2-1-3-5-6/h1-5H,(H,8,9)",C7H6O2,122.123,122.036779,302,1928,594,127,1,13/851,2.0,851
https://comptox.epa.gov/dashboard/chemical/details/DTXSID6020773,Lead(II) acetate,301-04-2,GUWSLQUAAYEZAF-UHFFFAOYSA-L,,[Pb++].CC([O-])=O.CC([O-])=O,"InChI=1S/2C2H4O2.Pb/c2*1-2(3)4;/h2*1H3,(H,3,4);/q;;+2/p-2",C4H6O4Pb,325.3,326.003262,68,955,46,36,1, ,,
https://comptox.epa.gov/dashboard/chemical/details/DTXSID9040477,Ferric ammonium citrate,1185-57-5,FRHBOQMZUOWXQL-UHFFFAOYSA-K,"Iron(3+) 2-hydroxypropane-1,2,3-tricarboxylate--ammonia (1/1/1)",N.[Fe+3].OC(CC([O-])=O)(CC([O-])=O)C([O-])=O,"InChI=1S/C6H8O7.Fe.H3N/c7-3(8)1-6(13,5(11)12)2-4(9)10;;/h13H,1-2H2,(H,7,8)(H,9,10)(H,11,12);;1H3/q;+3;/p-3",C6H8FeNO7,261.975,261.965013,71,188,30,8,2, ,,
https://comptox.epa.gov/dashboard/chemical/details/DTXSID5024263,Phosphoric acid,7664-38-2,NBIIXXVUZAFLBC-UHFFFAOYSA-N,Phosphoric acid,OP(O)(O)=O,"InChI=1S/H3O4P/c1-5(2,3)4/h(H3,1,2,3,4)",H3O4P,97.994,97.976896,202,2053,6051,1795,1,8/430,2.0,430
https://comptox.epa.gov/dashboard/chemical/details/DTXSID7021491,Benzonitrile,100-47-0,JFDZBHWFFUWGJE-UHFFFAOYSA-N,Benzonitrile,N#CC1=CC=CC=C1,InChI=1S/C7H5N/c8-6-7-4-2-1-3-5-7/h1-5H,C7H5N,103.124,103.042199,155,180,173,2,2,10/417,2.0,417
https://comptox.epa.gov/dashboard/chemical/details/DTXSID8020913,Naphthalene,91-20-3,UFWIBTONFRDIAS-UHFFFAOYSA-N,Naphthalene,C1=CC2=CC=CC=C2C=C1,InChI=1S/C10H8/c1-2-6-10-8-4-3-7-9(10)5-1/h1-8H,C10H8,128.174,128.062600,324,2280,247,1198,2,21/928,2.0,928
https://comptox.epa.gov/dashboard/chemical/details/DTXSID1049774,Sodium,7440-23-5,MPMYQQHEHYDOCL-UHFFFAOYSA-N,Sodium,[Na],InChI=1S/Na.H,Na,22.98976928,22.989769,114,101676,124,172,1, ,,
https://comptox.epa.gov/dashboard/chemical/details/DTXSID8052512,Zinc bromide,7699-45-8,VNDYJBBGRKZCSX-UHFFFAOYSA-L,Zinc dibromide,[Zn++].[Br-].[Br-],InChI=1S/2BrH.Zn/h2*1H;/q;;+2/p-2,Br2Zn,225.19,221.765818,51,34,67,1,2, ,,
https://comptox.epa.gov/dashboard/chemical/details/DTXSID7021368,Toxaphene,8001-35-2,,,,,,, ,135,434,,22,2,145/247,59.0,247
https://comptox.epa.gov/dashboard/chemical/details/DTXSID1024382,Phosphorus,7723-14-0,OAICVXFJPJFONN-UHFFFAOYSA-N,Phosphorus,[P],InChI=1S/P,P,30.973761998,30.973762,145,37055,149,876,1, ,,
https://comptox.epa.gov/dashboard/chemical/details/DTXSID0029630,Lead stearate,1072-35-1,XVJPDGIUIMSVPU-UHFFFAOYSA-L,Lead(2+) dioctadecanoate,[PbH2++].CCCCCCCCCCCCCCCCCC([O-])=O.CCCCCCCCCCCCCCCCCC([O-])=O,"InChI=1S/2C18H36O2.Pb.2H/c2*1-2-3-4-5-6-7-8-9-10-11-12-13-14-15-16-17-18(19)20;;;/h2*2-17H2,1H3,(H,19,20);;;/q;;+2;;/p-2",C36H72O4Pb,776.2,776.519714,35,,55,,2, ,,
https://comptox.epa.gov/dashboard/chemical/details/DTXSID30894994,"(2,4,5-Trichlorophenoxy)acetic acid compound N,N-diethylethanamine (1:1)",2008-46-0,QZKXBNCXPQMZLF-UHFFFAOYSA-N,"(2,4,5-Trichlorophenoxy)acetic acid--N,N-diethylethanamine (1/1)",CCN(CC)CC.OC(=O)COC1=C(Cl)C=C(Cl)C(Cl)=C1,"InChI=1S/C8H5Cl3O3.C6H15N/c9-4-1-6(11)7(2-5(4)10)14-3-8(12)13;1-4-7(5-2)6-3/h1-2H,3H2,(H,12,13);4-6H2,1-3H3",C14H20Cl3NO3,356.67,355.050877,21,,15,,1, ,,
https://comptox.epa.gov/dashboard/chemical/details/DTXSID401014795,"Sulfuric acid, thallium salt (1:x)",10031-59-1,,,,,,, ,18,,,,1, ,,
https://comptox.epa.gov/dashboard/chemical/details/DTXSID0021383,Trichloroethylene,79-01-6,XSTXAVWGXDQKEL-UHFFFAOYSA-N,"1,1,2-Trichloroethene",ClC=C(Cl)Cl,InChI=1S/C2HCl3/c3-1-2(4)5/h1H,C2HCl3,131.38,129.914383,258,4105,181,413,1,3/235,1.0,235
https://comptox.epa.gov/dashboard/chemical/details/DTXSID20905548,Chromium(2+) dichloride,10049-05-5,XBWRJSSJWDOUSJ-UHFFFAOYSA-L,Chromium(2+) dichloride,[Cl-].[Cl-].[Cr++],InChI=1S/2ClH.Cr/h2*1H;/q;;+2/p-2,Cl2Cr,122.9,121.878211,34,,18,,5, ,,
https://comptox.epa.gov/dashboard/chemical/details/DTXSID0049810,Trisodium phosphate dodecahydrate,10101-89-0,ASTWEMOBIXQPPV-UHFFFAOYSA-K,Sodium phosphate--water (3/1/12),O.O.O.O.O.O.O.O.O.O.O.O.[Na+].[Na+].[Na+].[O-]P([O-])([O-])=O,"InChI=1S/3Na.H3O4P.12H2O/c;;;1-5(2,3)4;;;;;;;;;;;;/h;;;(H3,1,2,3,4);12*1H2/q3*+1;;;;;;;;;;;;;/p-3",H24Na3O16P,380.119,380.049505,51,1199,93,118,2, ,,
https://comptox.epa.gov/dashboard/chemical/details/DTXSID4020450,Dicofol,115-32-2,UOAMTSKGCBMZTC-UHFFFAOYSA-N,"2,2,2-Trichloro-1,1-bis(4-chlorophenyl)ethan-1-ol",OC(C1=CC=C(Cl)C=C1)(C1=CC=C(Cl)C=C1)C(Cl)(Cl)Cl,"InChI=1S/C14H9Cl5O/c15-11-5-1-9(2-6-11)13(20,14(17,18)19)10-3-7-12(16)8-4-10/h1-8,20H",C14H9Cl5O,370.48,367.909603,195,134,77,7,2,285/951,30.0,951
https://comptox.epa.gov/dashboard/chemical/details/DTXSID6041349,"2,4-D-methyl",1928-38-7,HWIGZMADSFQMOI-UHFFFAOYSA-N,"Methyl (2,4-dichlorophenoxy)acetate",COC(=O)COC1=C(Cl)C=C(Cl)C=C1,"InChI=1S/C9H8Cl2O3/c1-13-9(12)5-14-8-3-2-6(10)4-7(8)11/h2-4H,5H2,1H3",C9H8Cl2O3,235.06,233.985050,88,2,96,9,2,3/401,1.0,401
https://comptox.epa.gov/dashboard/chemical/details/DTXSID9027360,Ammonium carbamate,1111-78-0,BVCZEBOGSOYJJT-UHFFFAOYSA-N,Ammonium carbamate,[NH4+].NC([O-])=O,"InChI=1S/CH3NO2.H3N/c2-1(3)4;/h2H2,(H,3,4);1H3",CH6N2O2,78.071,78.042927,95,78,58,11,2,27/859,3.0,859
https://comptox.epa.gov/dashboard/chemical/details/DTXSID5024681,tert-Butylamine,75-64-9,YBRBMKDOPFTVDT-UHFFFAOYSA-N,2-Methylpropan-2-amine,CC(C)(C)N,"InChI=1S/C4H11N/c1-4(2,3)5/h5H2,1-3H3",C4H11N,73.139,73.089149,126,514,147,2,2,4/427,1.0,427
https://comptox.epa.gov/dashboard/chemical/details/DTXSID6026298,m-Xylene,108-38-3,IVSZLXZYQVIEFR-UHFFFAOYSA-N,"1,3-Xylene",CC1=CC(C)=CC=C1,"InChI=1S/C8H10/c1-7-4-3-5-8(2)6-7/h3-6H,1-2H3",C8H10,106.168,106.078250,213,177,200,246,1,9/430,2.0,430
https://comptox.epa.gov/dashboard/chemical/details/DTXSID9036307,Pentasodium triphosphate,7758-29-4,HWGNBUXHKFFFIH-UHFFFAOYSA-I,Pentasodium triphosphate,[Na+].[Na+].[Na+].[Na+].[Na+].[O-]P([O-])(=O)OP([O-])(=O)OP([O-])([O-])=O,"InChI=1S/5Na.H5O10P3/c;;;;;1-11(2,3)9-13(7,8)10-12(4,5)6/h;;;;;(H,7,8)(H2,1,2,3)(H2,4,5,6)/q5*+1;/p-5",Na5O10P3,367.86,367.819279,124,688,62,416,1, ,,
https://comptox.epa.gov/dashboard/chemical/details/DTXSID2034839,Potassium permanganate,7722-64-7,VZJVWSHVAAUDKD-UHFFFAOYSA-N,Potassium tetraoxidomanganate(1-),[K+].[O-][Mn](=O)(=O)=O,InChI=1S/K.Mn.4O/q+1;;;;;-1,KMnO4,158.032,157.881409,108,1478,122,197,2, ,,
https://comptox.epa.gov/dashboard/chemical/details/DTXSID20891710,Dinitrobenzene (all isomers),25154-54-5,,,,,,, ,23,,,1,2, ,,
https://comptox.epa.gov/dashboard/chemical/details/DTXSID1024386,Zinc phosphide (Zn3P2),1314-84-7,NQDYSWQRWWTVJU-UHFFFAOYSA-N,Zinc bis(phosphanidylidenezinc),[Zn]=P[Zn]P=[Zn],InChI=1S/2P.3Zn,P2Zn3,258.09,253.734950,90,88,19,17,1, ,,
https://comptox.epa.gov/dashboard/chemical/details/DTXSID5035618,Ammonium hydrogen carbonate,1066-33-7,ATRRKUHOCOJYRX-UHFFFAOYSA-N,Ammonium hydrogen carbonate,[NH4+].OC([O-])=O,"InChI=1S/CH2O3.H3N/c2-1(3)4;/h(H2,2,3,4);1H3",CH5NO3,79.055,79.026943,94,107,75,5,2, ,,
https://comptox.epa.gov/dashboard/chemical/details/DTXSID3024075,Diquat dibromide,85-00-7,ODPOAESBSUKMHD-UHFFFAOYSA-L,"6,7-Dihydrodipyrido[1,2-a:2',1'-c]pyrazine-5,8-diium dibromide",[Br-].[Br-].C1C[N+]2=CC=CC=C2C2=CC=CC=[N+]12,"InChI=1S/C12H12N2.2BrH/c1-3-7-13-9-10-14-8-4-2-6-12(14)11(13)5-1;;/h1-8H,9-10H2;2*1H/q+2;;/p-2",C12H12Br2N2,344.05,341.936724,115,421,51,31,1, ,,
https://comptox.epa.gov/dashboard/chemical/details/DTXSID9065651,Lead fluoroborate,13814-96-5,UQGXAENNKXXYNF-UHFFFAOYSA-N,,[Pb++].F[B-](F)(F)F.F[B-](F)(F)F,"InChI=1S/2BF4.Pb/c2*2-1(3,4)5;/q2*-1;+2",B2F8Pb,380.8,381.982488,53,,26,16,2, ,,
https://comptox.epa.gov/dashboard/chemical/details/DTXSID2059720,Cupric acetate,142-71-2,OPQARKPSCNTWTJ-UHFFFAOYSA-L,Copper(2+) diacetate,[Cu++].CC([O-])=O.CC([O-])=O,"InChI=1S/2C2H4O2.Cu/c2*1-2(3)4;/h2*1H3,(H,3,4);/q;;+2/p-2",C4H6CuO4,181.634,180.956207,69,77,91,3,2, ,,
https://comptox.epa.gov/dashboard/chemical/details/DTXSID0032077,Sodium selenite,10102-18-8,BVTBRVFYZUCAKH-UHFFFAOYSA-L,Disodium selenite,[Na+].[Na+].[O-][Se]([O-])=O,"InChI=1S/2Na.H2O3Se/c;;1-4(2)3/h;;(H2,1,2,3)/q2*+1;/p-2",Na2O3Se,172.948,173.880804,94,1619,82,12,2,11/235,5.0,235
https://comptox.epa.gov/dashboard/chemical/details/DTXSID1020855,Methyl parathion,298-00-0,RLBIQVVOMOPOHC-UHFFFAOYSA-N,"O,O-Dimethyl O-(4-nitrophenyl) phosphorothioate",COP(=S)(OC)OC1=CC=C(C=C1)[N+]([O-])=O,"InChI=1S/C8H10NO5PS/c1-12-15(16,13-2)14-8-5-3-7(4-6-8)9(10)11/h3-6H,1-2H3",C8H10NO5PS,263.2,263.001731,225,749,114,7,2,159/1143,14.0,1143
https://comptox.epa.gov/dashboard/chemical/details/DTXSID7034410,Calcium hydroxide,1305-62-0,AXCZMVOFGPJBDE-UHFFFAOYSA-L,Calcium dihydroxide,O[Ca]O,InChI=1S/Ca.2H2O/h;2*1H2/q+2;;/p-2,CaH2O2,74.092,73.968070,143,3910,53,543,2, ,,
https://comptox.epa.gov/dashboard/chemical/details/DTXSID1026039,Dibasic sodium phosphate,7558-79-4,BNIILDVGGAEEIG-UHFFFAOYSA-L,Disodium hydrogen phosphate,[Na+].[Na+].OP([O-])([O-])=O,"InChI=1S/2Na.H3O4P/c;;1-5(2,3)4/h;;(H3,1,2,3,4)/q2*+1;/p-2",HNa2O4P,141.957,141.940784,114,1199,133,572,1, ,,
https://comptox.epa.gov/dashboard/chemical/details/DTXSID3041328,"2,4,5-T-butotyl",2545-59-7,GLDWASBMYWLQGG-UHFFFAOYSA-N,"2-Butoxyethyl (2,4,5-trichlorophenoxy)acetate",CCCCOCCOC(=O)COC1=C(Cl)C=C(Cl)C(Cl)=C1,"InChI=1S/C14H17Cl3O4/c1-2-3-4-19-5-6-20-14(18)9-21-13-8-11(16)10(15)7-12(13)17/h7-8H,2-6,9H2,1H3",C14H17Cl3O4,355.64,354.019242,65,,43,1,1,1/235,0.0,235
https://comptox.epa.gov/dashboard/chemical/details/DTXSID3021431,Vinyl acetate,108-05-4,XTXRWKRVRITETP-UHFFFAOYSA-N,Ethenyl acetate,CC(=O)OC=C,"InChI=1S/C4H6O2/c1-3-6-4(2)5/h3H,1H2,2H3",C4H6O2,86.09,86.036779,215,206,163,757,2,4/235,2.0,235
https://comptox.epa.gov/dashboard/chemical/details/DTXSID4021428,Vanadyl sulfate,27774-13-6,UUUGYDOQQLOJQA-UHFFFAOYSA-L,(Oxido)vanadium(2+) sulfate,O=[V++].[O-]S([O-])(=O)=O,"InChI=1S/H2O4S.O.V/c1-5(2,3)4;;/h(H2,1,2,3,4);;/q;;+2/p-2",O5SV,163.0,162.890601,60,182,49,7,2, ,,
https://comptox.epa.gov/dashboard/chemical/details/DTXSID4020327,Chromium triacetate,1066-30-4,WYYQVWLEPYFFLP-UHFFFAOYSA-K,Chromium(3+) triacetate,[Cr+3].CC([O-])=O.CC([O-])=O.CC([O-])=O,"InChI=1S/3C2H4O2.Cr/c3*1-2(3)4;/h3*1H3,(H,3,4);/q;;;+3/p-3",C6H9CrO6,229.128,228.980419,69,,50,,2,24/235,10.0,235
https://comptox.epa.gov/dashboard/chemical/details/DTXSID8021438,"1,1-Dichloroethylene",75-35-4,LGXVIGDEPROXKC-UHFFFAOYSA-N,"1,1-Dichloroethene",ClC(Cl)=C,InChI=1S/C2H2Cl2/c1-2(3)4/h1H2,C2H2Cl2,96.94,95.953356,205,144,116,71,2,1/401,0.0,401
https://comptox.epa.gov/dashboard/chemical/details/DTXSID7064944,Lead(IV) arsenate (2:3),10102-48-4,GCDXTOWDSZBQAO-UHFFFAOYSA-F,Lead(4+) arsorate hydrogen arsorate (2/2/1),[Pb+4].[Pb+4].O[As]([O-])([O-])=O.[O-][As]([O-])([O-])=O.[O-][As]([O-])([O-])=O,"InChI=1S/3AsH3O4.2Pb/c3*2-1(3,4)5;;/h3*(H3,2,3,4,5);;/q;;;2*+4/p-8",As3HO12Pb2,832.2,833.664891,9,,9,,3, ,,
https://comptox.epa.gov/dashboard/chemical/details/DTXSID2042353,Pyrethrin II,121-29-9,VJFUPGQZSXIULQ-XIGJTORUSA-N,"(1S)-2-Methyl-4-oxo-3-[(2Z)-penta-2,4-dien-1-yl]cyclopent-2-en-1-yl (1R,3R)-3-[(1E)-3-methoxy-2-methyl-3-oxoprop-1-en-1-yl]-2,2-dimethylcyclopropane-1-carboxylate",COC(=O)C(\C)=C\[C@@H]1[C@@H](C(=O)O[C@H]2CC(=O)C(C\C=C/C=C)=C2C)C1(C)C,"InChI=1S/C22H28O5/c1-7-8-9-10-15-14(3)18(12-17(15)23)27-21(25)19-16(22(19,4)5)11-13(2)20(24)26-6/h7-9,11,16,18-19H,1,10,12H2,2-6H3/b9-8-,13-11+/t16-,18+,19+/m1/s1",C22H28O5,372.461,372.193674,87,11,32,7,1, ,,
https://comptox.epa.gov/dashboard/chemical/details/DTXSID9044162,Mercuric nitrate,10045-94-0,ORMNPSYMZOGSSV-UHFFFAOYSA-N,Mercury dinitrate,[Hg++].[O-][N+]([O-])=O.[O-][N+]([O-])=O,InChI=1S/Hg.2NO3/c;2*2-1(3)4/q+2;2*-1,HgN2O6,324.6,325.946279,57,37,30,59,2, ,,
https://comptox.epa.gov/dashboard/chemical/details/DTXSID2035069,Lead nitrate,10099-74-8,RLJMLMKIBZAXJO-UHFFFAOYSA-N,,[Pb++].[O-][N+]([O-])=O.[O-][N+]([O-])=O,InChI=1S/2NO3.Pb/c2*2-1(3)4;/q2*-1;+2,N2O6Pb,331.2,331.952289,71,334,87,79,2, ,,
https://comptox.epa.gov/dashboard/chemical/details/DTXSID7064819,Mercuric sulfate,7783-35-9,DOBUSJIVSSJEDA-UHFFFAOYSA-L,Mercury sulfate,[Hg++].[O-]S([O-])(=O)=O,"InChI=1S/Hg.H2O4S/c;1-5(2,3)4/h;(H2,1,2,3,4)/q+2;/p-2",HgO4S,296.65,297.922373,61,18,61,21,1, ,,
https://comptox.epa.gov/dashboard/chemical/details/DTXSID9020407,Diazinon,333-41-5,FHIVAFMUCKRCQO-UHFFFAOYSA-N,"O,O-Diethyl O-[6-methyl-2-(propan-2-yl)pyrimidin-4-yl] phosphorothioate",CCOP(=S)(OCC)OC1=NC(=NC(C)=C1)C(C)C,"InChI=1S/C12H21N2O3PS/c1-6-15-18(19,16-7-2)17-11-8-10(5)13-12(14-11)9(3)4/h8-9H,6-7H2,1-5H3",C12H21N2O3PS,304.34,304.101051,255,890,146,76,2,100/1039,10.0,1039
https://comptox.epa.gov/dashboard/chemical/details/DTXSID1059571,Zinc phenolsulfonate,127-82-2,ZNVKGUVDRSSWHV-UHFFFAOYSA-L,Zinc bis(4-hydroxybenzene-1-sulfonate),[Zn++].OC1=CC=C(C=C1)S([O-])(=O)=O.OC1=CC=C(C=C1)S([O-])(=O)=O,"InChI=1S/2C6H6O4S.Zn/c2*7-5-1-3-6(4-2-5)11(8,9)10;/h2*1-4,7H,(H,8,9,10);/q;;+2/p-2",C12H10O8S2Zn,411.7,409.910852,54,,32,,2, ,,
https://comptox.epa.gov/dashboard/chemical/details/DTXSID70890511,"Formic acid, zinc salt (2:1)",557-41-5,XOBMCBQSUCOAOC-UHFFFAOYSA-L,Zinc diformate,[Zn++].[O-]C=O.[O-]C=O,"InChI=1S/2CH2O2.Zn/c2*2-1-3;/h2*1H,(H,2,3);/q;;+2/p-2",C2H2O4Zn,155.41,153.924451,30,,34,1,5, ,,
https://comptox.epa.gov/dashboard/chemical/details/DTXSID8064270,"2,4,5-T trimethylamine salt",6369-96-6,NIUIAPURUKNXIY-UHFFFAOYSA-N,"(2,4,5-Trichlorophenoxy)acetic acid--N,N-dimethylmethanamine (1/1)",C[NH+](C)C.[O-]C(=O)COC1=C(Cl)C=C(Cl)C(Cl)=C1,"InChI=1S/C8H5Cl3O3.C3H9N/c9-4-1-6(11)7(2-5(4)10)14-3-8(12)13;1-4(2)3/h1-2H,3H2,(H,12,13);1-3H3",C11H14Cl3NO3,314.59,313.003926,9,,11,,3, ,,
https://comptox.epa.gov/dashboard/chemical/details/DTXSID4064923,Disodium phosphate dodecahydrate,10039-32-4,DGLRDKLJZLEJCY-UHFFFAOYSA-L,Sodium hydrogen phosphate--water (2/1/12),O.O.O.O.O.O.O.O.O.O.O.O.[Na+].[Na+].OP([O-])([O-])=O,"InChI=1S/2Na.H3O4P.12H2O/c;;1-5(2,3)4;;;;;;;;;;;;/h;;(H3,1,2,3,4);12*1H2/q2*+1;;;;;;;;;;;;;/p-2",H25Na2O16P,358.137,358.067560,25,1199,63,3,3, ,,
https://comptox.epa.gov/dashboard/chemical/details/DTXSID5022063,"2,6-Dinitrophenol",573-56-8,JCRIDWXIBSEOEG-UHFFFAOYSA-N,"2,6-Dinitrophenol",OC1=C(C=CC=C1[N+]([O-])=O)[N+]([O-])=O,"InChI=1S/C6H4N2O5/c9-6-4(7(10)11)2-1-3-5(6)8(12)13/h1-3,9H",C6H4N2O5,184.107,184.012021,62,10,98,,2, ,,
https://comptox.epa.gov/dashboard/chemical/details/DTXSID5026837,Isobutyl acetate,110-19-0,GJRQTCIYDGXPES-UHFFFAOYSA-N,2-Methylpropyl acetate,CC(C)COC(C)=O,"InChI=1S/C6H12O2/c1-5(2)4-8-6(3)7/h5H,4H2,1-3H3",C6H12O2,116.16,116.083730,186,10,133,1662,2,1/235,0.0,235
https://comptox.epa.gov/dashboard/chemical/details/DTXSID6024965,Dichloroacetyl chloride,79-36-7,FBCCMZVIWNDFMO-UHFFFAOYSA-N,Dichloroacetyl chloride,ClC(Cl)C(Cl)=O,InChI=1S/C2HCl3O/c3-1(4)2(5)6/h1H,C2HCl3O,147.38,145.909298,90,6,99,,2,0/235,0.0,235
https://comptox.epa.gov/dashboard/chemical/details/DTXSID7020267,Chlordane,57-74-9,BIWJNBZANLAXMG-UHFFFAOYSA-N,"1,2,4,5,6,7,8,8-Octachloro-2,3,3a,4,7,7a-hexahydro-1H-4,7-methanoindene",ClC1CC2C(C1Cl)C1(Cl)C(Cl)=C(Cl)C2(Cl)C1(Cl)Cl,"InChI=1S/C10H6Cl8/c11-3-1-2-4(5(3)12)9(16)7(14)6(13)8(2,15)10(9,17)18/h2-5H,1H2",C10H6Cl8,409.76,405.797772,179,784,74,33,1,332/922,36.0,922
https://comptox.epa.gov/dashboard/chemical/details/DTXSID3039240,Antimony potassium tartrate trihydrate,28300-74-5,WBTCZEPSIIFINA-MSFWTACDSA-J,"Antimony(3+) potassium (2R,3R)-2,3-dioxidobutanedioate--water (2/2/2/3)",O.O.O.[K+].[K+].[Sb+3].[Sb+3].[O-][C@H]([C@@H]([O-])C([O-])=O)C([O-])=O.[O-][C@H]([C@@H]([O-])C([O-])=O)C([O-])=O,"InChI=1S/2C4H4O6.2K.3H2O.2Sb/c2*5-1(3(7)8)2(6)4(9)10;;;;;;;/h2*1-2H,(H,7,8)(H,9,10);;;3*1H2;;/q2*-2;2*+1;;;;2*+3/p-4/t2*1-,2-;;;;;;;/m11......./s1",C8H10K2O15Sb2,667.87,665.737000,75,153,5,13,1,70/235,30.0,235
https://comptox.epa.gov/dashboard/chemical/details/DTXSID8027375,Dimethylphenol,1300-71-6,,,"C*.C*.OC1=CC=CC=C1 |c:5,7,t:3,lp:4:2,m:1:9.10,3:6.7.8.9|",,,, ,69,42,,13,2, ,,
https://comptox.epa.gov/dashboard/chemical/details/DTXSID6065555,Beryllium nitrate (Be(NO3)2),13597-99-4,RFVVBBUVWAIIBT-UHFFFAOYSA-N,Beryllium dinitrate,[Be++].[O-][N+]([O-])=O.[O-][N+]([O-])=O,InChI=1S/Be.2NO3/c;2*2-1(3)4/q+2;2*-1,BeN2O6,133.02,132.987819,46,10,34,2,3, ,,
https://comptox.epa.gov/dashboard/chemical/details/DTXSID6025012,"2,3-Dichloro-1-propene",78-88-6,FALCMQXTWHPRIH-UHFFFAOYSA-N,"2,3-Dichloroprop-1-ene",ClCC(Cl)=C,InChI=1S/C3H4Cl2/c1-3(5)2-4/h1-2H2,C3H4Cl2,110.97,109.969005,109,9,97,1,1,6/401,1.0,401
https://comptox.epa.gov/dashboard/chemical/details/DTXSID80978091,2-Methylbutan-2-yl acetate,625-16-1,JCCIFDCPHCKATH-UHFFFAOYSA-N,2-Methylbutan-2-yl acetate,CCC(C)(C)OC(C)=O,"InChI=1S/C7H14O2/c1-5-7(3,4)9-6(2)8/h5H2,1-4H3",C7H14O2,130.187,130.099380,18,,45,,5, ,,
https://comptox.epa.gov/dashboard/chemical/details/DTXSID9020827,Methoxychlor,72-43-5,IAKOZHOLGAGEJT-UHFFFAOYSA-N,"1,1'-(2,2,2-Trichloroethane-1,1-diyl)bis(4-methoxybenzene)",COC1=CC=C(C=C1)C(C1=CC=C(OC)C=C1)C(Cl)(Cl)Cl,"InChI=1S/C16H15Cl3O2/c1-20-13-7-3-11(4-8-13)15(16(17,18)19)12-5-9-14(21-2)10-6-12/h3-10,15H,1-2H3",C16H15Cl3O2,345.64,344.013763,219,484,127,61,1,266/1202,22.0,1202
https://comptox.epa.gov/dashboard/chemical/details/DTXSID4024066,"1,2-Dinitrobenzene",528-29-0,IZUKQUVSCNEFMJ-UHFFFAOYSA-N,"1,2-Dinitrobenzene",[O-][N+](=O)C1=C(C=CC=C1)[N+]([O-])=O,InChI=1S/C6H4N2O4/c9-7(10)5-3-1-2-4-6(5)8(11)12/h1-4H,C6H4N2O4,168.108,168.017107,126,22,131,,2,128/860,15.0,860
https://comptox.epa.gov/dashboard/chemical/details/DTXSID9029695,Ferrous chloride,7758-94-3,NMCUIPGRVMDVDB-UHFFFAOYSA-L,Iron(2+) dichloride,[Cl-].[Cl-].[Fe++],InChI=1S/2ClH.Fe/h2*1H;/q;;+2/p-2,Cl2Fe,126.75,125.872641,82,291,35,14,2,3/235,1.0,235
https://comptox.epa.gov/dashboard/chemical/details/DTXSID3024364,Cresol,1319-77-3,,,"C*.OC1=CC=CC=C1 |c:4,6,t:2,lp:2:2,m:1:6.7.8|",,,, ,128,175,,224,1,8/292,3.0,292
https://comptox.epa.gov/dashboard/chemical/details/DTXSID0020153,Benzyl chloride,100-44-7,KCXMKQUNVWSEMD-UHFFFAOYSA-N,(Chloromethyl)benzene,ClCC1=CC=CC=C1,"InChI=1S/C7H7Cl/c8-6-7-4-2-1-3-5-7/h1-5H,6H2",C7H7Cl,126.58,126.023628,183,131,160,3,1,3/235,1.0,235
https://comptox.epa.gov/dashboard/chemical/details/DTXSID6024385,Zinc cyanide,557-21-1,GTLDTDOJJJZVBW-UHFFFAOYSA-N,Zinc dicyanide,[Zn++].[C-]#N.[C-]#N,InChI=1S/2CN.Zn/c2*1-2;/q2*-1;+2,C2N2Zn,117.42,115.935290,50,,29,6,2, ,,
https://comptox.epa.gov/dashboard/chemical/details/DTXSID1020566,Epichlorohydrin,106-89-8,BRLQWZUYTZBJKN-UHFFFAOYSA-N,2-(Chloromethyl)oxirane,ClCC1CO1,"InChI=1/C3H5ClO/c4-1-3-2-5-3/h3H,1-2H2",C3H5ClO,92.52,92.002893,196,440,243,388,2,1/235,0.0,235
https://comptox.epa.gov/dashboard/chemical/details/DTXSID5021881,Ethylenediamine,107-15-3,PIICEJLVQHRZGT-UHFFFAOYSA-N,"Ethane-1,2-diamine",NCCN,InChI=1S/C2H8N2/c3-1-2-4/h1-4H2,C2H8N2,60.1,60.068748,192,745,272,218,2,9/398,2.0,398
https://comptox.epa.gov/dashboard/chemical/details/DTXSID10858756,Beryllium chloride,7787-47-5,LWBPNIJBHRISSS-UHFFFAOYSA-L,Beryllium dichloride,Cl[Be]Cl,InChI=1S/Be.2ClH/h;2*1H/q+2;;/p-2,BeCl2,79.91,78.949889,48,31,32,1,2, ,,
https://comptox.epa.gov/dashboard/chemical/details/DTXSID3032042,Silver nitrate,7761-88-8,SQGYOTSLMSWVJD-UHFFFAOYSA-N,Silver(1+) nitrate,[Ag+].[O-][N+]([O-])=O,InChI=1S/Ag.NO3/c;2-1(3)4/q+1;-1,AgNO3,169.872,168.892910,112,2922,206,262,2, ,,
https://comptox.epa.gov/dashboard/chemical/details/DTXSID8020044,Allyl alcohol,107-18-6,XXROGKLTLUQVRX-UHFFFAOYSA-N,Prop-2-en-1-ol,OCC=C,"InChI=1S/C3H6O/c1-2-3-4/h2,4H,1,3H2",C3H6O,58.08,58.041865,189,627,152,1,2,17/426,4.0,426
https://comptox.epa.gov/dashboard/chemical/details/DTXSID8093996,Aroclor,12767-79-2,,,,,,, ,24,1141,,,3, ,,
https://comptox.epa.gov/dashboard/chemical/details/DTXSID5026209,"2,3,6-Trichlorophenol",933-75-5,XGCHAIDDPMFRLJ-UHFFFAOYSA-N,"2,3,6-Trichlorophenol",OC1=C(Cl)C=CC(Cl)=C1Cl,"InChI=1S/C6H3Cl3O/c7-3-1-2-4(8)6(10)5(3)9/h1-2,10H",C6H3Cl3O,197.44,195.924948,88,,83,,1,23/398,6.0,398
https://comptox.epa.gov/dashboard/chemical/details/DTXSID901014471,Lead fluoride (PbF2),7783-46-2,FPHIOHCCQGUGKU-UHFFFAOYSA-L,Difluoroplumbane,[F-].[F-].[Pb++],InChI=1S/2FH.Pb/h2*1H;/q;;+2/p-2,F2Pb,245.2,245.973459,24,,21,3,1, ,,
https://comptox.epa.gov/dashboard/chemical/details/DTXSID7021869,p-Cresol,106-44-5,IWDCLRJOBJJRNH-UHFFFAOYSA-N,4-Methylphenol,CC1=CC=C(O)C=C1,"InChI=1S/C7H8O/c1-6-2-4-7(8)5-3-6/h2-5,8H,1H3",C7H8O,108.14,108.057515,240,472,278,44,1,12/870,1.0,870
https://comptox.epa.gov/dashboard/chemical/details/DTXSID9049821,Zirconium nitrate,13746-89-9,OERNJTNJEZOPIA-UHFFFAOYSA-N,Zirconium(4+) tetranitrate,[Zr+4].[O-][N+]([O-])=O.[O-][N+]([O-])=O.[O-][N+]([O-])=O.[O-][N+]([O-])=O,InChI=1S/4NO3.Zr/c4*2-1(3)4;/q4*-1;+4,N4O12Zr,339.24,337.855970,43,,31,5,2, ,,
https://comptox.epa.gov/dashboard/chemical/details/DTXSID0029688,Iron(II) sulfate,7720-78-7,BAUYGSIQEAFULO-UHFFFAOYSA-L,Iron(2+) sulfate,[Fe++].[O-]S([O-])(=O)=O,"InChI=1S/Fe.H2O4S/c;1-5(2,3)4/h;(H2,1,2,3,4)/q+2;/p-2",FeO4S,151.9,151.886666,115,1840,57,41,2,1/235,0.0,235
https://comptox.epa.gov/dashboard/chemical/details/DTXSID5020449,Dichlorvos,62-73-7,OEBRKCOSUFCWJD-UHFFFAOYSA-N,"2,2-Dichloroethenyl dimethyl phosphate",COP(=O)(OC)OC=C(Cl)Cl,"InChI=1S/C4H7Cl2O4P/c1-8-11(7,9-2)10-3-4(5)6/h3H,1-2H3",C4H7Cl2O4P,220.97,219.945901,254,1106,147,40,2,57/996,6.0,996
https://comptox.epa.gov/dashboard/chemical/details/DTXSID6020226,Cadmium chloride,10108-64-2,YKYOUMDCQGMQQO-UHFFFAOYSA-L,Cadmium dichloride,[Cl-].[Cl-].[Cd++],InChI=1S/Cd.2ClH/h;2*1H/q+2;;/p-2,CdCl2,183.31,183.841070,116,2256,67,54,1,147/277,53.0,277
https://comptox.epa.gov/dashboard/chemical/details/DTXSID2021238,Resorcinol,108-46-3,GHMLBKRAJCXXBS-UHFFFAOYSA-N,"Benzene-1,3-diol",OC1=CC(O)=CC=C1,"InChI=1S/C6H6O2/c7-5-2-1-3-6(8)4-5/h1-4,7-8H",C6H6O2,110.112,110.036779,249,2277,279,121,1,27/871,3.0,871
https://comptox.epa.gov/dashboard/chemical/details/DTXSID5021386,"2,4,6-Trichlorophenol",88-06-2,LINPIYWFGCPVIE-UHFFFAOYSA-N,"2,4,6-Trichlorophenol",OC1=C(Cl)C=C(Cl)C=C1Cl,"InChI=1S/C6H3Cl3O/c7-3-1-4(8)6(10)5(9)2-3/h1-2,10H",C6H3Cl3O,197.44,195.924948,203,267,164,31,1,58/885,7.0,885
https://comptox.epa.gov/dashboard/chemical/details/DTXSID50890736,"Sulfamic acid, cobalt(2+) salt (2:1)",14017-41-5,WLQXLCXXAPYDIU-UHFFFAOYSA-L,Cobalt(2+) disulfamate,[Co++].NS([O-])(=O)=O.NS([O-])(=O)=O,"InChI=1S/Co.2H3NO3S/c;2*1-5(2,3)4/h;2*(H3,1,2,3,4)/q+2;;/p-2",CoH4N2O6S2,251.09,250.884272,29,,33,1,5, ,,
https://comptox.epa.gov/dashboard/chemical/details/DTXSID2021446,Xylenes,1330-20-7,,,,,,, ,226,3561,,21788,1,4/235,2.0,235
https://comptox.epa.gov/dashboard/chemical/details/DTXSID101022327,"Ethanedioic acid, ammonium iron salt (1:x:x)",55488-87-4,,,,,,, ,8,,,,2, ,,
https://comptox.epa.gov/dashboard/chemical/details/DTXSID5024057,Dimethylamine,124-40-3,ROSDSFDQCJNGOL-UHFFFAOYSA-N,N-Methylmethanamine,CNC,"InChI=1S/C2H7N/c1-3-2/h3H,1-2H3",C2H7N,45.085,45.057849,179,272,269,30,1,3/430,1.0,430
https://comptox.epa.gov/dashboard/chemical/details/DTXSID90896818,"Poly[oxy(methyl-​1,​2-​ethanediyl)​]​, alpha-​[(2,​4-​dichlorophenoxy)​acetyl]​-​omega-​butoxy-",53467-11-1,,,,,,, ,12,,,,1, ,,
https://comptox.epa.gov/dashboard/chemical/details/DTXSID70872953,Ammonium dichromate,7789-09-5,JOSWYUNQBRPBDN-UHFFFAOYSA-P,Bisammonium mu-oxido(hexaoxido)dichromate(4-),[NH4+].[NH4+].[O-][Cr](=O)(=O)O[Cr]([O-])(=O)=O,InChI=1S/2Cr.2H3N.7O/h;;2*1H3;;;;;;;/q;;;;;;;;;2*-1/p+2,Cr2H8N2O7,252.063,251.914163,59,4,59,53,1, ,,
https://comptox.epa.gov/dashboard/chemical/details/DTXSID3060243,Uranyl acetate,541-09-3,MCRZASGCXKHFTN-UHFFFAOYSA-L,Bis(acetato-kappaO)[bis(oxido)]uranium,CC(=O)O[U](=O)(=O)OC(C)=O,"InChI=1S/2C2H4O2.2O.U/c2*1-2(3)4;;;/h2*1H3,(H,3,4);;;/q;;;;+2/p-2",C4H6O6U,388.115,388.067230,43,345,21,3,2, ,,
https://comptox.epa.gov/dashboard/chemical/details/DTXSID90931738,"Butanedioic acid, 2,3-dihydroxy- (2R,3R)-, ammonium salt (1:?)",14307-43-8,,,,,,, ,22,,,,1, ,,
https://comptox.epa.gov/dashboard/chemical/details/DTXSID6047076,Ammonium hexafluorosilicate,16919-19-0,ITHIMUMYFVCXSL-UHFFFAOYSA-P,Bisammonium hexafluoridosilicate(2-),[NH4+].[NH4+].F[Si--](F)(F)(F)(F)F,"InChI=1S/F6Si.2H3N/c1-7(2,3,4,5)6;;/h;2*1H3/q-2;;/p+2",F6H8N2Si,178.153,178.036094,76,56,55,43,1,1/79,1.0,79
https://comptox.epa.gov/dashboard/chemical/details/DTXSID2021781,"1,2-Benzenedicarboxylic acid, dibutyl ester",84-74-2,DOIRQSBPFJWKBE-UHFFFAOYSA-N,"Dibutyl benzene-1,2-dicarboxylate",CCCCOC(=O)C1=CC=CC=C1C(=O)OCCCC,"InChI=1S/C16H22O4/c1-3-5-11-19-15(17)13-9-7-8-10-14(13)16(18)20-12-6-4-2/h7-10H,3-6,11-12H2,1-2H3",C16H22O4,278.348,278.151809,327,831,189,787,1,110/1136,10.0,1136
https://comptox.epa.gov/dashboard/chemical/details/DTXSID4041028,Ferrous ammonium sulfate,10045-89-3,IMBKASBLAKCLEM-UHFFFAOYSA-L,Ammonium iron(2+) sulfate (2/1/2),[NH4+].[NH4+].[Fe++].[O-]S([O-])(=O)=O.[O-]S([O-])(=O)=O,"InChI=1S/Fe.2H3N.2H2O4S/c;;;2*1-5(2,3)4/h;2*1H3;2*(H2,1,2,3,4)/q+2;;;;/p-2",FeH8N2O8S2,284.04,283.907144,66,81,25,12,2, ,,
https://comptox.epa.gov/dashboard/chemical/details/DTXSID0025498,Lead sulfide,1314-87-0,FILXVLQXZYXBSJ-UHFFFAOYSA-N,,[S--].[Pb++],InChI=1S/Pb.S/q+2;-2,PbS,239.3,239.948724,53,226,13,1,2, ,,
https://comptox.epa.gov/dashboard/chemical/details/DTXSID9020453,Dieldrin,60-57-1,DFBKLUNHFCTMDC-PICURKEMSA-N,"rel-(1aR,2R,2aS,3S,6R,6aR,7S,7aS)-3,4,5,6,9,9-Hexachloro-1a,2,2a,3,6,6a,7,7a-octahydro-2,7:3,6-dimethanonaphtho[2,3-b]oxirene",ClC1=C(Cl)[C@]2(Cl)[C@@H]3[C@@H]4C[C@@H]([C@H]5O[C@@H]45)[C@@H]3[C@@]1(Cl)C2(Cl)Cl,"InChI=1/C12H8Cl6O/c13-8-9(14)11(16)5-3-1-2(6-7(3)19-6)4(5)10(8,15)12(11,17)18/h2-7H,1H2/t2-,3+,4+,5-,6-,7+,10+,11-",C12H8Cl6O,380.9,377.870631,208,2018,59,43,1,247/937,26.0,937
https://comptox.epa.gov/dashboard/chemical/details/DTXSID8058291,Arsenic sulfide (AsS),12044-79-0,LAJUJGVZCLKIKB-UHFFFAOYSA-N,Sulfanylidenearsanyl,,InChI=1S/AsS/c1-2,AsS,106.98,106.893666,17,,9,2,1, ,,
https://comptox.epa.gov/dashboard/chemical/details/DTXSID6023941,Calcium cyanide,592-01-8,ZQULWKDLLXZZSP-UHFFFAOYSA-N,Calcium dicyanide,[Ca++].[C-]#N.[C-]#N,InChI=1S/2CN.Ca/c2*1-2;/q2*-1;+2,C2CaN2,92.114,91.968739,58,,19,2,2, ,,
https://comptox.epa.gov/dashboard/chemical/details/DTXSID901023224,Dichloropropane,26638-19-7,,,"CCC.Cl*.Cl* |lp:3:3,5:3,m:4:1.2,6:0.1.2|",,C3H6Cl2,112.98,111.984656,12,,,,2, ,,
https://comptox.epa.gov/dashboard/chemical/details/DTXSID2035013,Zinc chloride,7646-85-7,JIAARYAFYJHUJI-UHFFFAOYSA-L,Zinc dichloride,[Cl-].[Cl-].[Zn++],InChI=1S/2ClH.Zn/h2*1H;/q;;+2/p-2,Cl2Zn,136.28,133.866847,155,1294,49,538,2,53/425,12.0,425
https://comptox.epa.gov/dashboard/chemical/details/DTXSID0047612,Butan-2-yl acetate,105-46-4,DCKVNWZUADLDEH-UHFFFAOYSA-N,Butan-2-yl acetate,CCC(C)OC(C)=O,"InChI=1S/C6H12O2/c1-4-5(2)8-6(3)7/h5H,4H2,1-3H3",C6H12O2,116.16,116.083730,92,,83,17,2, ,,
https://comptox.epa.gov/dashboard/chemical/details/DTXSID8021517,Maleic acid,110-16-7,VZCYOOQTPOCHFL-UPHRSURJSA-N,(2Z)-But-2-enedioic acid,OC(=O)\C=C/C(O)=O,"InChI=1S/C4H4O4/c5-3(6)1-2-4(7)8/h1-2H,(H,5,6)(H,7,8)/b2-1-",C4H4O4,116.072,116.010959,165,542,340,65,1,1/429,0.0,429
https://comptox.epa.gov/dashboard/chemical/details/DTXSID90923991,White Phosphorus (P4),12185-10-3,OBSZRRSYVTXPNB-UHFFFAOYSA-N,,P12P3P1P23,InChI=1S/P4/c1-2-3(1)4(1)2,P4,123.895047992,123.895048,18,,,,1, ,,
https://comptox.epa.gov/dashboard/chemical/details/DTXSID8027030,"Methanol, sodium salt",124-41-4,WQDUMFSSJAZKTM-UHFFFAOYSA-N,Sodium methoxide,[Na+].C[O-],InChI=1S/CH3O.Na/c1-2;/h1H3;/q-1;+1,CH3NaO,54.024,54.008159,64,14436,116,7,2, ,,
https://comptox.epa.gov/dashboard/chemical/details/DTXSID4020298,Chlorobenzene,108-90-7,MVPPADPHJFYWMZ-UHFFFAOYSA-N,Chlorobenzene,ClC1=CC=CC=C1,InChI=1S/C6H5Cl/c7-6-4-2-1-3-5-6/h1-5H,C6H5Cl,112.56,112.007978,249,364,312,167,2,2/235,1.0,235
https://comptox.epa.gov/dashboard/chemical/details/DTXSID4020458,Chlorpyrifos,2921-88-2,SBPBAQFWLVIOKP-UHFFFAOYSA-N,"O,O-Diethyl O-(3,5,6-trichloropyridin-2-yl) phosphorothioate",CCOP(=S)(OCC)OC1=NC(Cl)=C(Cl)C=C1Cl,"InChI=1S/C9H11Cl3NO3PS/c1-3-14-17(18,15-4-2)16-9-7(11)5-6(10)8(12)13-9/h5H,3-4H2,1-2H3",C9H11Cl3NO3PS,350.57,348.926285,273,2387,182,146,1,190/904,21.0,904
https://comptox.epa.gov/dashboard/chemical/details/DTXSID8020622,Ferric chloride,7705-08-0,RBTARNINKXHZNM-UHFFFAOYSA-K,Iron(3+) trichloride,[Cl-].[Cl-].[Cl-].[Fe+3],InChI=1S/3ClH.Fe/h3*1H;/q;;;+3/p-3,Cl3Fe,162.2,160.841494,114,1502,35,83,2,5/242,2.0,242
https://comptox.epa.gov/dashboard/chemical/details/DTXSID3021518,Fumaric acid,110-17-8,VZCYOOQTPOCHFL-OWOJBTEDSA-N,(2E)-But-2-enedioic acid,OC(=O)\C=C\C(O)=O,"InChI=1S/C4H4O4/c5-3(6)1-2-4(7)8/h1-2H,(H,5,6)(H,7,8)/b2-1+",C4H4O4,116.072,116.010959,177,664,368,8,1,10/430,2.0,430
https://comptox.epa.gov/dashboard/chemical/details/DTXSID4020373,"p,p'-DDD",72-54-8,AHJKRLASYNVKDZ-UHFFFAOYSA-N,"1,1'-(2,2-Dichloroethane-1,1-diyl)bis(4-chlorobenzene)",ClC(Cl)C(C1=CC=C(Cl)C=C1)C1=CC=C(Cl)C=C1,"InChI=1S/C14H10Cl4/c15-11-5-1-9(2-6-11)13(14(17)18)10-3-7-12(16)8-4-10/h1-8,13-14H",C14H10Cl4,320.03,317.953661,193,967,89,35,2,347/1027,34.0,1027
https://comptox.epa.gov/dashboard/chemical/details/DTXSID0021834,4-Nitrophenol,100-02-7,BTJIUGUIPKRLHP-UHFFFAOYSA-N,4-Nitrophenol,OC1=CC=C(C=C1)[N+]([O-])=O,"InChI=1S/C6H5NO3/c8-6-3-1-5(2-4-6)7(9)10/h1-4,8H",C6H5NO3,139.11,139.026943,222,1147,278,49,2,51/890,6.0,890
https://comptox.epa.gov/dashboard/chemical/details/DTXSID0020941,Sodium nitrite,7632-00-0,LPXPTNMVRIOKMN-UHFFFAOYSA-M,Sodium nitrite,[Na+].[O-]N=O,"InChI=1S/HNO2.Na/c2-1-3;/h(H,2,3);/q;+1/p-1",NNaO2,68.995,68.982673,173,1486,144,746,2,5/851,1.0,851
https://comptox.epa.gov/dashboard/chemical/details/DTXSID0021466,Zirconium(IV) sulfate,14644-61-2,ZXAUZSQITFJWPS-UHFFFAOYSA-J,Zirconium(4+) disulfate,[Zr+4].[O-]S([O-])(=O)=O.[O-]S([O-])(=O)=O,"InChI=1S/2H2O4S.Zr/c2*1-5(2,3)4;/h2*(H2,1,2,3,4);/q;;+4/p-4",O8S2Zr,283.34,281.808160,52,,43,2,1, ,,
https://comptox.epa.gov/dashboard/chemical/details/DTXSID7020425,Dichlone,117-80-6,SVPKNMBRVBMTLB-UHFFFAOYSA-N,"2,3-Dichloronaphthalene-1,4-dione",ClC1=C(Cl)C(=O)C2=C(C=CC=C2)C1=O,InChI=1S/C10H4Cl2O2/c11-7-8(12)10(14)6-4-2-1-3-5(6)9(7)13/h1-4H,C10H4Cl2O2,227.04,225.958835,122,26,128,,2,176/435,40.0,435
https://comptox.epa.gov/dashboard/chemical/details/DTXSID90975516,Oxalic acid--ammonia--water (1/2/1),6009-70-7,MSMNVXKYCPHLLN-UHFFFAOYSA-N,Oxalic acid--ammonia--water (1/2/1),N.N.O.OC(=O)C(O)=O,"InChI=1S/C2H2O4.2H3N.H2O/c3-1(4)2(5)6;;;/h(H,3,4)(H,5,6);2*1H3;1H2",C2H10N2O5,142.111,142.058971,24,,34,13,5, ,,
https://comptox.epa.gov/dashboard/chemical/details/DTXSID3029738,Sodium hydrosulfide,16721-80-5,HYHCSLBZRBJJCH-UHFFFAOYSA-M,Sodium hydrosulfide,[Na]S,InChI=1S/Na.H2S/h;1H2/q+1;/p-1,HNaS,56.06,55.969665,75,601,71,16,2, ,,
https://comptox.epa.gov/dashboard/chemical/details/DTXSID8041329,"2,4,5-T 2-Ethylhexyl",1928-47-8,MNELUOHPQMJXGU-UHFFFAOYSA-N,"2-Ethylhexyl (2,4,5-trichlorophenoxy)acetate",CCCCC(CC)COC(=O)COC1=C(Cl)C=C(Cl)C(Cl)=C1,"InChI=1/C16H21Cl3O3/c1-3-5-6-11(4-2)9-22-16(20)10-21-15-8-13(18)12(17)7-14(15)19/h7-8,11H,3-6,9-10H2,1-2H3",C16H21Cl3O3,367.69,366.055628,57,,37,,1,3/235,1.0,235
https://comptox.epa.gov/dashboard/chemical/details/DTXSID4021636,2-Methylpropanoic acid,79-31-2,KQNPFQTWMSNSAP-UHFFFAOYSA-N,2-Methylpropanoic acid,CC(C)C(O)=O,"InChI=1S/C4H8O2/c1-3(2)4(5)6/h3H,1-2H3,(H,5,6)",C4H8O2,88.106,88.052429,156,154,160,1,2,6/235,3.0,235
https://comptox.epa.gov/dashboard/chemical/details/DTXSID6020430,"1,2-Dichlorobenzene",95-50-1,RFFLAFLAYFXFSW-UHFFFAOYSA-N,"1,2-Dichlorobenzene",ClC1=C(Cl)C=CC=C1,InChI=1S/C6H4Cl2/c7-5-3-1-2-4-6(5)8/h1-4H,C6H4Cl2,147.0,145.969006,232,151,265,197,2,15/853,2.0,853
https://comptox.epa.gov/dashboard/chemical/details/DTXSID0020078,Ammonium chloride,12125-02-9,NLXLAEXVIDQMFP-UHFFFAOYSA-N,Ammonium chloride,[NH4+].[Cl-],InChI=1S/ClH.H3N/h1H;1H3,ClH4N,53.49,53.003227,143,5177,136,584,1, ,,
https://comptox.epa.gov/dashboard/chemical/details/DTXSID1024209,Naled,300-76-5,BUYMVQAILCEWRR-UHFFFAOYSA-N,"1,2-Dibromo-2,2-dichloroethyl dimethyl phosphate",COP(=O)(OC)OC(Br)C(Cl)(Cl)Br,"InChI=1S/C4H7Br2Cl2O4P/c1-10-13(9,11-2)12-3(5)4(6,7)8/h3H,1-2H3",C4H7Br2Cl2O4P,380.78,377.782577,165,77,92,14,2,241/1004,24.0,1004
https://comptox.epa.gov/dashboard/chemical/details/DTXSID6023787,Nickel sulfate,7786-81-4,LGQLOGILCSXPEA-UHFFFAOYSA-L,Nickel(2+) sulfate,[Ni++].[O-]S([O-])(=O)=O,"InChI=1S/Ni.H2O4S/c;1-5(2,3)4/h;(H2,1,2,3,4)/q+2;/p-2",NiO4S,154.75,153.887072,94,578,66,119,1, ,,
https://comptox.epa.gov/dashboard/chemical/details/DTXSID2020711,Hydrochloric acid,7647-01-0,VEXZGXHMUGYJMC-UHFFFAOYSA-N,Hydrogen chloride,Cl,InChI=1S/ClH/h1H,ClH,36.46,35.976678,186,7427,501,2148,2, ,,
https://comptox.epa.gov/dashboard/chemical/details/DTXSID7032056,Sodium chromate,7775-11-3,PXLIDIMHPNPGMH-UHFFFAOYSA-N,Disodium tetraoxidochromate(2-),[Na+].[Na+].[O-][Cr]([O-])(=O)=O,InChI=1S/Cr.2Na.4O/q;2*+1;;;2*-1,CrNa2O4,161.972,161.899703,75,156,53,320,2, ,,
https://comptox.epa.gov/dashboard/chemical/details/DTXSID9040344,Iron(II) sulfate heptahydrate,7782-63-0,SURQXAFEQWPFPV-UHFFFAOYSA-L,Iron(2+) sulfate--water (1/1/7),O.O.O.O.O.O.O.[Fe++].[O-]S([O-])(=O)=O,"InChI=1S/Fe.H2O4S.7H2O/c;1-5(2,3)4;;;;;;;/h;(H2,1,2,3,4);7*1H2/q+2;;;;;;;;/p-2",FeH14O11S,278.01,277.960618,73,1822,121,84,1, ,,
https://comptox.epa.gov/dashboard/chemical/details/DTXSID50274153,Arsenic trisulfide,1303-33-9,UKUVVAMSXXBMRX-UHFFFAOYSA-N,Bicyclo[1.1.1]diarsathiane,S1[As]2S[As]1S2,InChI=1S/As2S3/c3-1-4-2(3)5-1,As2S3,246.02,245.759404,45,76,6,,2, ,,
https://comptox.epa.gov/dashboard/chemical/details/DTXSID3021807,o-Xylene,95-47-6,CTQNGGLPUBDAKN-UHFFFAOYSA-N,"1,2-Xylene",CC1=C(C)C=CC=C1,"InChI=1S/C8H10/c1-7-5-3-4-6-8(7)2/h3-6H,1-2H3",C8H10,106.168,106.078250,225,139,399,242,1,6/405,1.0,405
https://comptox.epa.gov/dashboard/chemical/details/DTXSID4021551,Cyanogen chloride,506-77-4,QPJDMGCKMHUXFD-UHFFFAOYSA-N,Carbononitridic chloride,ClC#N,InChI=1S/CClN/c2-1-3,CClN,61.47,60.971927,89,47,41,1,2, ,,
https://comptox.epa.gov/dashboard/chemical/details/DTXSID7021100,Parathion,56-38-2,LCCNCVORNKJIRZ-UHFFFAOYSA-N,"O,O-Diethyl O-(4-nitrophenyl) phosphorothioate",CCOP(=S)(OCC)OC1=CC=C(C=C1)[N+]([O-])=O,"InChI=1S/C10H14NO5PS/c1-3-14-17(18,15-4-2)16-10-7-5-9(6-8-10)11(12)13/h5-8H,3-4H2,1-2H3",C10H14NO5PS,291.26,291.033031,222,2213,88,8,1,132/1050,13.0,1050
https://comptox.epa.gov/dashboard/chemical/details/DTXSID8065749,Lithium chromate,14307-35-8,JQVALDCWTQRVQE-UHFFFAOYSA-N,Dilithium tetraoxidochromate(2-),[Li+].[Li+].[O-][Cr]([O-])(=O)=O,InChI=1S/Cr.2Li.4O/q;2*+1;;;2*-1,CrLi2O4,129.87,129.952171,37,,33,7,2, ,,
https://comptox.epa.gov/dashboard/chemical/details/DTXSID9020249,Carbofuran,1563-66-2,DUEPRVBVGDRKAG-UHFFFAOYSA-N,"2,2-Dimethyl-2,3-dihydro-1-benzofuran-7-yl methylcarbamate",CNC(=O)OC1=CC=CC2=C1OC(C)(C)C2,"InChI=1S/C12H15NO3/c1-12(2)7-8-5-4-6-9(10(8)16-12)15-11(14)13-3/h4-6H,7H2,1-3H3,(H,13,14)",C12H15NO3,221.256,221.105193,233,626,115,4,2,56/919,6.0,919
https://comptox.epa.gov/dashboard/chemical/details/DTXSID6034554,Diquat,2764-72-9,SYJFEGQWDCRVNX-UHFFFAOYSA-N,"6,7-Dihydrodipyrido[1,2-a:2',1'-c]pyrazine-5,8-diium",C1C[N+]2=CC=CC=C2C2=CC=CC=[N+]12,"InChI=1S/C12H12N2/c1-3-7-13-9-10-14-8-4-2-6-12(14)11(13)5-1/h1-8H,9-10H2/q+2",C12H12N2,184.241,184.098951,98,421,54,2,1, ,,
https://comptox.epa.gov/dashboard/chemical/details/DTXSID0026208,"2,3,5-Trichlorophenol",933-78-8,WWGQHTJIFOQAOC-UHFFFAOYSA-N,"2,3,5-Trichlorophenol",OC1=CC(Cl)=CC(Cl)=C1Cl,"InChI=1S/C6H3Cl3O/c7-3-1-4(8)6(9)5(10)2-3/h1-2,10H",C6H3Cl3O,197.44,195.924948,86,4,105,,1,61/235,26.0,235
https://comptox.epa.gov/dashboard/chemical/details/DTXSID7021360,Toluene,108-88-3,YXFVVABEGXRONW-UHFFFAOYSA-N,Toluene,CC1=CC=CC=C1,"InChI=1S/C7H8/c1-7-5-3-2-4-6-7/h2-6H,1H3",C7H8,92.141,92.062600,329,7662,921,20905,2,0/235,0.0,235
https://comptox.epa.gov/dashboard/chemical/details/DTXSID1027394,Naphthenic acids,1338-24-5,,,,,,, ,82,227,,11,1,27/235,11.0,235
https://comptox.epa.gov/dashboard/chemical/details/DTXSID3020122,Azinphos-methyl,86-50-0,CJJOSEISRRTUQB-UHFFFAOYSA-N,"O,O-Dimethyl S-[(4-oxo-1,2,3-benzotriazin-3(4H)-yl)methyl] phosphorodithioate",COP(=S)(OC)SCN1N=NC2=C(C=CC=C2)C1=O,"InChI=1S/C10H12N3O3PS2/c1-15-17(18,16-2)19-7-13-10(14)8-5-3-4-6-9(8)11-12-13/h3-6H,7H2,1-2H3",C10H12N3O3PS2,317.32,317.005771,194,291,106,2,2,195/1135,17.0,1135
https://comptox.epa.gov/dashboard/chemical/details/DTXSID8021276,Sodium hypochlorite,7681-52-9,SUKJFIGYRHOWBL-UHFFFAOYSA-N,Sodium hypochlorite,[Na+].[O-]Cl,InChI=1S/ClO.Na/c1-2;/q-1;+1,ClNaO,74.44,73.953537,174,4607,92,823,2,0/79,0.0,79
https://comptox.epa.gov/dashboard/chemical/details/DTXSID5024267,Polychlorinated biphenyls,1336-36-3,,,"[*]C1=C([*])C([*])=C(C([*])=C1[*])C1=C([*])C([*])=C([*])C([*])=C1[*] |$_R1;;;_R1;;_R1;;;_R1;;_R1;;;_R1;;_R1;;_R1;;_R1;;_R1$,c:1,5,8,12,20,t:16,RG:_R1={Cl* |$;_AP1$,lp:0:3|},LOG={_R1:;H;>0}|",,,, ,107,13428,,2776,1, ,,
https://comptox.epa.gov/dashboard/chemical/details/DTXSID8065660,Ammonium fluoroborate,13826-83-0,PDTKOBRZPAIMRD-UHFFFAOYSA-O,Ammonium tetrafluoridoborate(1-),[NH4+].F[B-](F)(F)F,"InChI=1S/BF4.H3N/c2-1(3,4)5;/h;1H3/q-1;/p+1",BF4H4N,104.84,105.037292,49,,69,27,2, ,,